set	number	name	type	reg	status	twinleaf_file	twinleaf_set	twinleaf_number
ASC	95	Hop's Phantump	P Basic	I	missing			
ASC	96	Hop's Trevenant	P Stage 1	I	missing			
ASC	211	Thick Scale	Tool	I	missing			
DRI	37	Team Rocket's Houndour	R Basic	I	missing			
DRI	38	Team Rocket's Houndoom	R Stage 1	I	missing			
DRI	93	Ethan's Sudowoodo	F Basic	I	missing			
DRI	172	Team Rocket's Bother-Bot	Item	I	missing			
MEG	120	Lt. Surge's Bargain	Supporter	I	missing			
PBL	84	Voltaic Lightning Energy	Special Energy	J	missing			
POR	86	Growing Grass Energy	Special Energy	J	missing			
PRE	118	Ogre's Mask	Item	H	missing			
SCR	66	Fidough	P Basic	H	missing			
SCR	141	Payapa Berry	Tool	H	missing			
SSP	163	Babiri Berry	Tool	H	missing			
SVP	198	Zacian ex	M Basic	H	missing			
TEF	99	Iron Boulder ex	F Basic	H	missing			
TEF	118	Iron Treads	M Basic	H	missing			
TWM	157	Lucian	Supporter	H	missing			
ASC	80	Togepi	P Basic	H	wrong-version-only			
ASC	97	Team Rocket's Mimikyu	P Basic	I	wrong-version-only			
ASC	132	Galarian Obstagoon	D Stage 2	I	wrong-version-only			
BLK	6	Petilil	G Basic	I	wrong-version-only			
BLK	11	Amoonguss	G Stage 1	I	wrong-version-only			
BLK	47	Timburr	F Basic	I	wrong-version-only			
BLK	48	Gurdurr	F Stage 1	I	wrong-version-only			
JTG	70	Dhelmise	P Basic	H	wrong-version-only			
MEG	31	Chi-Yu	R Basic	I	wrong-version-only			
MEG	91	Shroodle	D Basic	I	wrong-version-only			
MEG	105	Delibird	C Basic	I	wrong-version-only			
MEG	107	Buneary	C Basic	I	wrong-version-only			
MEP	18	Cottonee	P Basic	I	wrong-version-only			
PFL	34	Pawmot	L Stage 2	I	wrong-version-only			
PRE	18	Slowpoke	W Basic	H	wrong-version-only			
SCR	29	Charcadet	R Basic	H	wrong-version-only			
SCR	40	Frogadier	W Stage 1	H	wrong-version-only			
SCR	68	Flittle	P Basic	H	wrong-version-only			
SSP	39	Paldean Tauros	W Basic	H	wrong-version-only			
SSP	98	Mankey	F Basic	H	wrong-version-only			
SSP	111	Passimian	F Basic	H	wrong-version-only			
SSP	148	Swablu	C Basic	H	wrong-version-only			
SSP	151	Bouffalant	C Basic	H	wrong-version-only			
TEF	19	Dhelmise	G Basic	H	wrong-version-only			
TEF	74	Beheeyem	P Stage 1	H	wrong-version-only			
TEF	77	Scream Tail	P Basic	H	wrong-version-only			
TWM	9	Volbeat	G Basic	H	wrong-version-only			
TWM	24	Teal Mask Ogerpon	G Basic	H	wrong-version-only			
TWM	36	Litwick	R Basic	H	wrong-version-only			
TWM	37	Lampent	R Stage 1	H	wrong-version-only			
TWM	38	Chandelure	R Stage 2	H	wrong-version-only			
TWM	50	Milotic	W Stage 1	H	wrong-version-only			
TWM	52	Glalie	W Stage 1	H	wrong-version-only			
TWM	135	Eevee	C Basic	H	wrong-version-only			
WHT	64	Mandibuzz	D Stage 1	I	wrong-version-only			
30C	66	Mew ex	P Basic	J	reprint	sets/11-mega-evolution/set-30th-celebration/mew-ex.ts	M6a	57
30C	126	Poké Pad	Item	J	reprint	sets/11-mega-evolution/set-ascended-heroes/poke-pad.ts	ASC	198
30C	127	Switch	Item	I	reprint	sets/set-base-set/switch.ts	BS	95
30C	128	Ultra Ball	Item	I	reprint	sets/10-scarlet-and-violet/set-scarlet-and-violet/ultra-ball.ts	SVI	196
ASC	16	Budew	G Basic	H	reprint	sets/10-scarlet-and-violet/set-prismatic-evolution/budew.ts	PRE	4
ASC	18	Team Rocket's Tarountula	G Basic	I	reprint	sets/10-scarlet-and-violet/set-destined-rivals/team-rockets-tarountula.ts	DRI	19
ASC	19	Team Rocket's Spidops	G Stage 1	I	reprint	sets/10-scarlet-and-violet/set-destined-rivals/team-rockets-spidops.ts	DRI	20
ASC	23	Ethan's Slugma	R Basic	I	reprint	sets/10-scarlet-and-violet/set-destined-rivals/ethans-slugma.ts	DRI	35
ASC	24	Ethan's Magcargo	R Stage 1	I	reprint	sets/10-scarlet-and-violet/set-destined-rivals/ethans-magcargo.ts	DRI	36
ASC	26	Ethan's Ho-Oh ex	R Basic	I	reprint	sets/10-scarlet-and-violet/set-destined-rivals/ethans-ho-oh-ex.ts	DRI	39
ASC	32	N's Darumaka	R Basic	I	reprint	sets/10-scarlet-and-violet/set-journey-together/ns-darumaka.ts	JTG	26
ASC	39	Psyduck	W Basic	I	reprint	sets/11-mega-evolution/set-mega-evolution-promos/psyduck.ts	MEP	7
ASC	40	Golduck	W Stage 1	I	reprint	sets/11-mega-evolution/set-mega-evolution-promos/golduck.ts	MEP	8
ASC	59	Tynamo	L Basic	I	reprint	sets/10-scarlet-and-violet/set-black-bolt-white-flare/tynamo.ts	BLK	30
ASC	60	Eelektrik	L Stage 1	I	reprint	sets/10-scarlet-and-violet/set-black-bolt-white-flare/eelektrik.ts	BLK	31
ASC	71	Iono's Wattrel	L Basic	I	reprint	sets/10-scarlet-and-violet/set-journey-together/ionos-wattrel.ts	JTG	54
ASC	72	Iono's Kilowattrel	L Stage 1	I	reprint	sets/10-scarlet-and-violet/set-journey-together/ionos-kilowattrel.ts	JTG	55
ASC	75	Clefable	P Stage 1	H	reprint	sets/10-scarlet-and-violet/set-twilight-masquerade/clefable.ts	TWM	79
ASC	76	Lillie's Clefairy ex	P Basic	I	reprint	sets/10-scarlet-and-violet/set-journey-together/lillies-clefairy-ex.ts	JTG	56
ASC	79	Team Rocket's Mewtwo ex	P Basic	I	reprint	sets/10-scarlet-and-violet/set-destined-rivals/team-rockets-mewtwo-ex.ts	DRI	81
ASC	81	Togetic	P Stage 1	H	reprint	sets/10-scarlet-and-violet/set-surging-sparks/togetic.ts	SSP	71
ASC	82	Togekiss	P Stage 2	H	reprint	sets/10-scarlet-and-violet/set-surging-sparks/togekiss.ts	SSP	72
ASC	87	Ralts	P Basic	I	reprint	sets/11-mega-evolution/set-mega-evolution/ralts.ts	MEG	58
ASC	88	Kirlia	P Stage 1	I	reprint	sets/11-mega-evolution/set-mega-evolution/kirlia.ts	MEG	59
ASC	89	Mega Gardevoir ex	P Stage 2	I	reprint	sets/11-mega-evolution/set-mega-evolution/mega-gardevoir-ex.ts	MEG	60
ASC	99	Munkidori	P Basic	H	reprint	sets/10-scarlet-and-violet/set-twilight-masquerade/munkidori.ts	TWM	95
ASC	105	Lunatone	F Basic	I	reprint	sets/11-mega-evolution/set-mega-evolution/lunatone.ts	MEG	74
ASC	106	Solrock	F Basic	I	reprint	sets/07-x-and-y/set-x-and-y/solrock.ts	XY	64
ASC	109	Cynthia's Gible	F Basic	I	reprint	sets/10-scarlet-and-violet/set-destined-rivals/cynthias-gible.ts	DRI	102
ASC	110	Cynthia's Gabite	F Stage 1	I	reprint	sets/10-scarlet-and-violet/set-destined-rivals/cynthias-gabite.ts	DRI	103
ASC	111	Cynthia's Garchomp ex	F Stage 2	I	reprint	sets/10-scarlet-and-violet/set-destined-rivals/cynthias-garchomp-ex.ts	DRI	104
ASC	112	Riolu	F Basic	I	reprint	sets/11-mega-evolution/set-mega-evolution/riolu.ts	MEG	76
ASC	113	Mega Lucario ex	F Stage 1	I	reprint	sets/11-mega-evolution/set-mega-evolution/mega-lucario-ex.ts	MEG	77
ASC	123	Gastly	D Basic	I	reprint	sets/07-x-and-y/set-evolutions/gastly.ts	EVO	47
ASC	124	Haunter	D Stage 1	I	reprint	sets/09-sword-and-shield/set-sword-and-shield/haunter.ts	SSH	84
ASC	125	Mega Gengar ex	D Stage 2	I	reprint	sets/11-mega-evolution/set-phantasmal-flames/mega-gengar-ex.ts	PFL	56
ASC	126	Team Rocket's Murkrow	D Basic	I	reprint	sets/10-scarlet-and-violet/set-destined-rivals/team-rockets-murkrow.ts	DRI	127
ASC	133	Cynthia's Spiritomb	D Basic	I	reprint	sets/10-scarlet-and-violet/set-destined-rivals/cynthias-spiritomb.ts	DRI	129
ASC	136	N's Zorua	D Basic	I	reprint	sets/10-scarlet-and-violet/set-journey-together/ns-zorua.ts	JTG	97
ASC	137	N's Zoroark ex	D Stage 1	I	reprint	sets/10-scarlet-and-violet/set-journey-together/ns-zoroark-ex.ts	JTG	98
ASC	142	Fezandipiti ex	D Basic	H	reprint	sets/10-scarlet-and-violet/set-shrouded-fable/fezandipiti-ex.ts	SFA	38
ASC	154	N's Reshiram	N Basic	I	reprint	sets/10-scarlet-and-violet/set-journey-together/ns-reshiram.ts	JTG	116
ASC	158	Dreepy	N Basic	H	reprint	sets/10-scarlet-and-violet/set-twilight-masquerade/dreepy.ts	TWM	128
ASC	159	Drakloak	N Stage 1	H	reprint	sets/10-scarlet-and-violet/set-twilight-masquerade/drakloak.ts	TWM	129
ASC	160	Dragapult ex	N Stage 2	H	reprint	sets/10-scarlet-and-violet/set-twilight-masquerade/dragapult-ex.ts	TWM	130
ASC	171	Fan Rotom	C Basic	H	reprint	sets/10-scarlet-and-violet/set-stellar-crown/fan-rotom.ts	SCR	118
ASC	177	Hop's Cramorant	C Basic	I	reprint	sets/10-scarlet-and-violet/set-journey-together/hops-cramorant.ts	JTG	138
ASC	179	Terapagos ex	C Basic	H	reprint	sets/10-scarlet-and-violet/set-stellar-crown/terapagos-ex.ts	SCR	128
ASC	180	Acerola's Mischief	Supporter	I	reprint	sets/11-mega-evolution/set-mega-evolution/acerolas-mischief.ts	MEG	113
ASC	181	Air Balloon	Tool	I	reprint	sets/09-sword-and-shield/set-sword-and-shield/air-balloon.ts	SSH	156
ASC	183	Boss's Orders	Supporter	I	reprint	sets/10-scarlet-and-violet/set-paldea-evolved/boss-orders.ts	PAL	172
ASC	184	Buddy-Buddy Poffin	Item	H	reprint	sets/10-scarlet-and-violet/set-temporal-forces/buddy-buddy-poffin.ts	TEF	144
ASC	186	Counter Gain	Tool	H	reprint	sets/08-sun-and-moon/set-lost-thunder/counter-gain.ts	LOT	170
ASC	187	Fighting Gong	Item	I	reprint	sets/11-mega-evolution/set-mega-evolution/fighting-gong.ts	MEG	116
ASC	189	Glass Trumpet	Item	H	reprint	sets/10-scarlet-and-violet/set-stellar-crown/glass-trumpet.ts	SCR	135
ASC	190	Iris's Fighting Spirit	Supporter	I	reprint	sets/10-scarlet-and-violet/set-journey-together/iris-fighting-spirit.ts	JTG	149
ASC	192	Lillie's Determination	Supporter	I	reprint	sets/11-mega-evolution/set-mega-evolution/lillies-determination.ts	MEG	119
ASC	193	Mega Signal	Item	I	reprint	sets/11-mega-evolution/set-mega-evolution/mega-signal.ts	MEG	121
ASC	194	Mystery Garden	Stadium	I	reprint	sets/11-mega-evolution/set-mega-evolution/mystery-garden.ts	MEG	122
ASC	195	N's PP Up	Item	I	reprint	sets/10-scarlet-and-violet/set-journey-together/ns-pp-up.ts	JTG	153
ASC	196	Night Stretcher	Item	H	reprint	sets/10-scarlet-and-violet/set-shrouded-fable/nightly-stretcher.ts	SFA	61
ASC	199	Premium Power Pro	Item	I	reprint	sets/11-mega-evolution/set-mega-evolution/power-protein.ts	MEG	124
ASC	200	Surfer	Supporter	H	reprint	sets/10-scarlet-and-violet/set-surging-sparks/surfer.ts	SSP	187
ASC	201	Team Rocket's Archer	Supporter	I	reprint	sets/10-scarlet-and-violet/set-destined-rivals/team-rockets-archer.ts	DRI	170
ASC	202	Team Rocket's Ariana	Supporter	I	reprint	sets/10-scarlet-and-violet/set-destined-rivals/team-rockets-ariana.ts	DRI	171
ASC	203	Team Rocket's Factory	Stadium	I	reprint	sets/10-scarlet-and-violet/set-destined-rivals/team-rockets-factory.ts	DRI	173
ASC	204	Team Rocket's Giovanni	Supporter	I	reprint	sets/10-scarlet-and-violet/set-destined-rivals/team-rockets-giovanni.ts	DRI	174
ASC	207	Team Rocket's Petrel	Supporter	I	reprint	sets/10-scarlet-and-violet/set-destined-rivals/team-rockets-petrel.ts	DRI	176
ASC	208	Team Rocket's Proton	Supporter	I	reprint	sets/10-scarlet-and-violet/set-destined-rivals/team-rockets-proton.ts	DRI	177
ASC	209	Team Rocket's Transceiver	Item	I	reprint	sets/10-scarlet-and-violet/set-destined-rivals/team-rockets-transceiver.ts	DRI	178
ASC	210	Team Rocket's Watchtower	Stadium	I	reprint	sets/10-scarlet-and-violet/set-destined-rivals/team-rockets-watchtower.ts	DRI	180
ASC	216	Prism Energy	Special Energy	I	reprint	sets/06-black-and-white/set-next-destinies/prism-energy.ts	NXD	93
ASC	217	Team Rocket's Energy	Special Energy	I	reprint	sets/10-scarlet-and-violet/set-destined-rivals/team-rockets-energy.ts	DRI	182
ASC	255	Black Belt's Training	Supporter	H	reprint	sets/10-scarlet-and-violet/set-journey-together/other-prints.ts	JTG	145
ASC	258	Cheren	Supporter	I	reprint	sets/06-black-and-white/set-emerging-powers/cheren.ts	EPO	91
ASC	261	Jamming Tower	Stadium	H	reprint	sets/10-scarlet-and-violet/set-twilight-masquerade/jamming-tower.ts	TWM	153
ASC	267	Mega Diancie ex	P Basic	I	reprint	sets/11-mega-evolution/set-phantasmal-flames/mega-diancie-ex.ts	PFL	41
ASC	287	Marnie's Grimmsnarl ex	D Stage 2	I	reprint	sets/10-scarlet-and-violet/set-destined-rivals/marnies-grimmsnarl-ex.ts	DRI	136
ASC	289	Steven's Metagross ex	M Stage 2	I	reprint	sets/10-scarlet-and-violet/set-destined-rivals/stevens-metagross-ex.ts	DRI	145
BLK	52	Crustle	F Stage 1	I	reprint	sets/06-black-and-white/set-boundaries-crossed/crustle.ts	BCR	85
BLK	84	Pokégear 3.0	Item	I	reprint	sets/10-scarlet-and-violet/set-scarlet-and-violet/pokegear-30.ts	SVI	186
CRI	108	Energy Retrieval	Item	I	reprint	sets/set-base-set/energy-retrieval.ts	BS	81
CRI	109	Jumbo Ice Cream	Item	I	reprint	sets/11-mega-evolution/set-phantasmal-flames/jumbo-ice.ts	PFL	91
CRI	114	Surfing Beach	Stadium	I	reprint	sets/11-mega-evolution/set-mega-evolution/surfing-beach.ts	MEG	129
CRI	115	Tool Scrapper	Item	I	reprint	sets/06-black-and-white/set-dragons-exalted/tool-scrapper.ts	DRX	116
DRI	24	Rellor	G Basic	H	reprint	sets/10-scarlet-and-violet/set-surging-sparks/rellor.ts	SSP	13
DRI	244	Levincia	Stadium	I	reprint	sets/10-scarlet-and-violet/set-journey-together/levincia.ts	JTG	150
JTG	125	Minccino	C Basic	H	reprint	sets/09-sword-and-shield/set-sword-and-shield/minccino.ts	SSH	145
JTG	158	Super Potion	Item	I	reprint	sets/set-base-set/super-potion.ts	BS	90
MEG	123	Pokémon Center Lady	Supporter	I	reprint	sets/07-x-and-y/set-flashfire/pokemon-center-lady.ts	FLF	93
MEG	125	Rare Candy	Item	I	reprint	sets/10-scarlet-and-violet/set-scarlet-and-violet/rare-candy.ts	SVI	191
MEG	126	Repel	Item	I	reprint	sets/08-sun-and-moon/set-sun-and-moon/repel.ts	SUM	130
MEP	46	Chikorita	G Basic	J	reprint	sets/03-ex-ruby-and-sapphire/set-ex-unseen-forces/chikorita.ts	UF	51
MEP	52	Grookey	G Basic	J	reprint	sets/10-scarlet-and-violet/set-twilight-masquerade/grookey.ts	TWM	14
PBL	104	Brave Bangle	Tool	I	reprint	sets/10-scarlet-and-violet/set-black-bolt-white-flare/brave-bangle.ts	WHT	80
PBL	105	Crushing Hammer	Item	J	reprint	sets/10-scarlet-and-violet/set-scarlet-and-violet/crushing-hammer.ts	SVI	168
PBL	107	Energy Switch	Item	I	reprint	sets/10-scarlet-and-violet/set-scarlet-and-violet/energy-switch.ts	SVI	173
PBL	110	Iron Defender	Item	I	reprint	sets/11-mega-evolution/set-mega-evolution/iron-defender.ts	MEG	118
PFL	124	Ignition Energy	Special Energy	I	reprint	sets/10-scarlet-and-violet/set-black-bolt-white-flare/ignition-energy.ts	WHT	86
POR	72	Energy Search	Item	J	reprint	sets/10-scarlet-and-violet/set-scarlet-and-violet/energy-search.ts	SVI	172
POR	76	Judge	Supporter	J	reprint	sets/09-sword-and-shield/set-fusion-strike/judge.ts	FST	235
POR	80	Poké Ball	Item	J	reprint	sets/set-jungle/pokeball.ts	JU	64
POR	82	Pokémon Catcher	Item	J	reprint	sets/09-sword-and-shield/set-sword-and-shield/pokemon-catcher.ts	SSH	175
POR	83	Potion	Item	J	reprint	sets/set-base-set/potion.ts	BS	94
POR	108	Energy Recycler	Item	I	reprint	sets/09-sword-and-shield/set-battle-styles/energy-recycler.ts	BST	124
POR	109	Forest of Vitality	Stadium	I	reprint	sets/11-mega-evolution/set-mega-evolution/forest-of-vitality.ts	MEG	117
POR	115	Sacred Ash	Item	I	reprint	sets/07-x-and-y/set-flashfire/sacred-ash.ts	FLF	96
POR	117	Wondrous Patch	Item	I	reprint	sets/11-mega-evolution/set-phantasmal-flames/wonder-patch.ts	PFL	94
PRE	9	Applin	G Basic	H	reprint	sets/10-scarlet-and-violet/set-stellar-crown/applin.ts	SCR	12
PRE	10	Dipplin	G Stage 1	H	reprint	sets/10-scarlet-and-violet/set-twilight-masquerade/dipplin.ts	TWM	18
PRE	11	Hydrapple ex	G Stage 2	H	reprint	sets/10-scarlet-and-violet/set-stellar-crown/hydrapple-ex.ts	SCR	14
PRE	12	Teal Mask Ogerpon ex	G Basic	H	reprint	sets/10-scarlet-and-violet/set-twilight-masquerade/teal-mask-ogerpon-ex.ts	TWM	25
PRE	16	Pyroar	R Stage 1	H	reprint	sets/07-x-and-y/set-steam-siege/pyroar.ts	STS	23
PRE	17	Hearthflame Mask Ogerpon ex	R Basic	H	reprint	sets/10-scarlet-and-violet/set-twilight-masquerade/hearthflame-mask-ogerpon-ex.ts	TWM	40
PRE	20	Goldeen	W Basic	H	reprint	sets/10-scarlet-and-violet/set-twilight-masquerade/goldeen.ts	TWM	44
PRE	27	Wellspring Mask Ogerpon ex	W Basic	H	reprint	sets/10-scarlet-and-violet/set-twilight-masquerade/wellspring-mask-ogerpon-ex.ts	TWM	64
PRE	32	Iron Thorns ex	L Basic	H	reprint	sets/10-scarlet-and-violet/set-twilight-masquerade/iron-thorns-ex.ts	TWM	77
PRE	35	Duskull	P Basic	H	reprint	sets/10-scarlet-and-violet/set-shrouded-fable/duskull.ts	SFA	18
PRE	36	Dusclops	P Stage 1	H	reprint	sets/10-scarlet-and-violet/set-shrouded-fable/dusclops.ts	SFA	19
PRE	37	Dusknoir	P Stage 2	H	reprint	sets/10-scarlet-and-violet/set-shrouded-fable/dusknoir.ts	SFA	20
PRE	41	Sylveon ex	P Stage 1	H	reprint	sets/10-scarlet-and-violet/set-surging-sparks/sylveon-ex.ts	SSP	86
PRE	43	Flutter Mane	P Basic	H	reprint	sets/10-scarlet-and-violet/set-temporal-forces/flutter-mane.ts	TEF	78
PRE	45	Fezandipiti	P Basic	H	reprint	sets/10-scarlet-and-violet/set-twilight-masquerade/fezandipiti.ts	TWM	96
PRE	46	Iron Boulder	P Basic	H	reprint	sets/10-scarlet-and-violet/set-stellar-crown/iron-boulder.ts	SCR	71
PRE	54	Bloodmoon Ursaluna	F Basic	H	reprint	sets/10-scarlet-and-violet/set-shrouded-fable/bloodmoon-ursaluna.ts	SFA	25
PRE	55	Great Tusk	F Basic	H	reprint	sets/10-scarlet-and-violet/set-temporal-forces/great-tusk.ts	TEF	97
PRE	57	Okidogi	F Basic	H	reprint	sets/10-scarlet-and-violet/set-twilight-masquerade/okidogi.ts	TWM	111
PRE	58	Cornerstone Mask Ogerpon ex	F Basic	H	reprint	sets/10-scarlet-and-violet/set-twilight-masquerade/cornerstone-mask-ogerpon-ex.ts	TWM	112
PRE	65	Roaring Moon	D Basic	H	reprint	sets/10-scarlet-and-violet/set-temporal-forces/roaring-moon.ts	TEF	109
PRE	69	Duraludon	M Basic	H	reprint	sets/10-scarlet-and-violet/set-stellar-crown/duraludon.ts	SCR	106
PRE	70	Archaludon	M Stage 1	H	reprint	sets/10-scarlet-and-violet/set-stellar-crown/archaludon.ts	SCR	107
PRE	74	Eevee	C Basic	H	reprint	sets/10-scarlet-and-violet/set-surging-sparks/eevee.ts	SSP	143
PRE	78	Noctowl	C Stage 1	H	reprint	sets/10-scarlet-and-violet/set-stellar-crown/noctowl.ts	SCR	115
PRE	79	Dunsparce	C Basic	H	reprint	sets/10-scarlet-and-violet/set-temporal-forces/dunsparce.ts	TEF	128
PRE	80	Dudunsparce	C Stage 1	H	reprint	sets/10-scarlet-and-violet/set-temporal-forces/dudunsparce.ts	TEF	129
PRE	83	Buneary	C Basic	H	reprint	sets/11-mega-evolution/set-phantasmal-flames/buneary.ts	PFL	83
PRE	90	Noibat	C Basic	H	reprint	sets/09-sword-and-shield/set-silver-tempest/noibat.ts	SIT	132
PRE	94	Area Zero Underdepths	Stadium	H	reprint	sets/10-scarlet-and-violet/set-stellar-crown/area-zero-underdepths.ts	SCR	131
PRE	95	Binding Mochi	Tool	H	reprint	sets/10-scarlet-and-violet/set-shrouded-fable/binding-mochi.ts	SFA	55
PRE	100	Briar	Supporter	H	reprint	sets/10-scarlet-and-violet/set-stellar-crown/briar.ts	SCR	132
PRE	102	Bug Catching Set	Item	H	reprint	sets/10-scarlet-and-violet/set-twilight-masquerade/bug-catching-set.ts	TWM	143
PRE	103	Carmine	Supporter	H	reprint	sets/10-scarlet-and-violet/set-twilight-masquerade/carmine.ts	TWM	145
PRE	104	Ciphermaniac's Codebreaking	Supporter	H	reprint	sets/10-scarlet-and-violet/set-temporal-forces/cryptomaniacs-deciphering.ts	TEF	145
PRE	105	Crispin	Supporter	H	reprint	sets/10-scarlet-and-violet/set-stellar-crown/crispin.ts	SCR	133
PRE	107	Explorer's Guidance	Supporter	H	reprint	sets/10-scarlet-and-violet/set-temporal-forces/explorers-guidance.ts	TEF	147
PRE	108	Festival Grounds	Stadium	H	reprint	sets/10-scarlet-and-violet/set-twilight-masquerade/festival-plaza.ts	TWM	149
PRE	112	Janine's Secret Art	Supporter	H	reprint	sets/10-scarlet-and-violet/set-shrouded-fable/janines-secret-technique.ts	SFA	59
PRE	113	Kieran	Supporter	H	reprint	sets/10-scarlet-and-violet/set-twilight-masquerade/kieran.ts	TWM	154
PRE	114	Lacey	Supporter	H	reprint	sets/10-scarlet-and-violet/set-stellar-crown/lacey.ts	SCR	139
PRE	117	Maximum Belt	Tool	H	reprint	sets/10-scarlet-and-violet/set-temporal-forces/maximum-belt.ts	TEF	154
PRE	119	Prime Catcher	Item	H	reprint	sets/10-scarlet-and-violet/set-temporal-forces/prime-catcher.ts	TEF	157
PRE	126	Rescue Board	Tool	H	reprint	sets/10-scarlet-and-violet/set-temporal-forces/emergency-board.ts	TEF	159
PRE	128	Scoop Up Cyclone	Item	H	reprint	sets/10-scarlet-and-violet/set-twilight-masquerade/scoop-up-cyclone.ts	TWM	162
PRE	129	Sparkling Crystal	Tool	H	reprint	sets/10-scarlet-and-violet/set-stellar-crown/sparkling-crystal.ts	SCR	142
PRE	136	Eri	Supporter	H	reprint	sets/10-scarlet-and-violet/set-temporal-forces/eri.ts	TEF	146
PRE	147	Ceruledge ex	R Stage 1	H	reprint	sets/10-scarlet-and-violet/set-surging-sparks/ceruledge-ex.ts	SSP	36
PRE	151	Palafin ex	W Stage 1	H	reprint	sets/10-scarlet-and-violet/set-twilight-masquerade/palafin-ex.ts	TWM	61
PRE	158	Iron Crown ex	P Basic	H	reprint	sets/10-scarlet-and-violet/set-temporal-forces/iron-crown-ex.ts	TEF	81
PRE	163	Pecharunt ex	D Basic	H	reprint	sets/10-scarlet-and-violet/set-shrouded-fable/pecharunt-ex.ts	SFA	39
PRE	166	Raging Bolt ex	N Basic	H	reprint	sets/10-scarlet-and-violet/set-temporal-forces/raging-bolt-ex.ts	TEF	123
PRE	168	Bloodmoon Ursaluna ex	C Basic	H	reprint	sets/10-scarlet-and-violet/set-twilight-masquerade/bloodmoon-ursaluna-ex.ts	TWM	141
PRE	172	Drayton	Supporter	H	reprint	sets/10-scarlet-and-violet/set-surging-sparks/drayton.ts	SSP	174
PRE	176	Iron Leaves ex	G Basic	H	reprint	sets/10-scarlet-and-violet/set-temporal-forces/iron-leaves-ex.ts	TEF	25
PRE	178	Walking Wake ex	W Basic	H	reprint	sets/10-scarlet-and-violet/set-temporal-forces/walking-wake-ex.ts	TEF	50
SCR	39	Froakie	W Basic	H	reprint	sets/08-sun-and-moon/set-forbidden-light/froakie.ts	FLI	22
SCR	81	Riolu	F Basic	H	reprint	sets/09-sword-and-shield/set-vivid-voltage/riolu.ts	VIV	90
SSP	126	Bronzor	M Basic	H	reprint	sets/09-sword-and-shield/set-lost-origin/bronzor.ts	LOR	125
SSP	186	Scramble Switch	Item	H	reprint	sets/06-black-and-white/set-plasma-storm/scramble-switch.ts	PLS	129
SVP	129	Pecharunt	D Basic	H	reprint	sets/10-scarlet-and-violet/set-scarlet-and-violet-promos/pecharunt.ts	SVP	149
TWM	147	Cook	Supporter	H	reprint	sets/09-sword-and-shield/set-fusion-strike/cook.ts	FST	228
WHT	40	Cofagrigus	P Stage 1	I	reprint	sets/06-black-and-white/set-noble-victories/cofagrigus.ts	NVI	46
WHT	63	Vullaby	D Basic	I	reprint	sets/09-sword-and-shield/set-rebel-clash/vullaby.ts	RCL	119
ASC	33	N's Darmanitan	R Stage 1	I	reprint-renamed	sets/10-scarlet-and-violet/set-journey-together/ns-darmanitan.ts	JTG	27
ASC	57	Pikachu ex	L Basic	H	reprint-renamed	sets/10-scarlet-and-violet/set-surging-sparks/pikachu-ex.ts	SSP	57
MEP	86	Slowpoke	P Basic	J	reprint-renamed	sets/11-mega-evolution/set-mega-evolution-promos/slowpoke.ts	MEP	70
30C	1	Exeggcute	G Basic	J	same-print	sets/11-mega-evolution/set-30th-celebration/exeggcute.ts	30C	1
30C	2	Alolan Exeggutor	G Stage 1	J	same-print	sets/11-mega-evolution/set-30th-celebration/alolan-exeggutor.ts	30C	2
30C	72	Unown	P Basic	J	same-print	sets/11-mega-evolution/set-30th-celebration/unown.ts	30C	72
30C	83	Lucario	F Stage 1	J	same-print	sets/11-mega-evolution/set-30th-celebration/lucario.ts	30C	83
30C	84	Seismitoad	F Stage 2	J	same-print	sets/11-mega-evolution/set-30th-celebration/seismitoad.ts	30C	84
30C	100	Yveltal	D Basic	J	same-print	sets/11-mega-evolution/set-30th-celebration/yveltal.ts	30C	100
30C	102	Jirachi ex	M Basic	J	same-print	sets/11-mega-evolution/set-30th-celebration/jirachi-ex.ts	30C	102
ASC	8	Chikorita	G Basic	J	same-print	sets/11-mega-evolution/set-ascended-heroes/chikorita.ts	ASC	8
ASC	9	Bayleef	G Stage 1	J	same-print	sets/11-mega-evolution/set-ascended-heroes/bayleef.ts	ASC	9
ASC	10	Mega Meganium ex	G Stage 2	J	same-print	sets/11-mega-evolution/set-ascended-heroes/mega-meganium-ex.ts	ASC	10
ASC	22	Mega Charizard Y ex	R Stage 2	J	same-print	sets/11-mega-evolution/set-ascended-heroes/mega-charizard-y-ex.ts	ASC	22
ASC	46	Snorunt	W Basic	I	same-print	sets/11-mega-evolution/set-ascended-heroes/snorunt.ts	ASC	46
ASC	47	Mega Froslass ex	W Stage 1	I	same-print	sets/11-mega-evolution/set-ascended-heroes/mega-froslass-ex.ts	ASC	47
ASC	62	Stunfisk	L Basic	I	same-print	sets/11-mega-evolution/set-ascended-heroes/stunfisk.ts	ASC	62
ASC	83	Marill	P Basic	J	same-print	sets/11-mega-evolution/set-ascended-heroes/marill.ts	ASC	83
ASC	84	Azumarill ex	P Stage 1	J	same-print	sets/11-mega-evolution/set-ascended-heroes/azumarill-ex.ts	ASC	84
ASC	98	Spectrier	P Basic	I	same-print	sets/11-mega-evolution/set-ascended-heroes/spectrier.ts	ASC	98
ASC	114	Stunfisk ex	F Basic	J	same-print	sets/11-mega-evolution/set-ascended-heroes/stunfisk-ex.ts	ASC	114
ASC	116	Mega Hawlucha ex	F Basic	I	same-print	sets/11-mega-evolution/set-ascended-heroes/mega-hawlucha-ex.ts	ASC	116
ASC	121	Koraidon ex	F Basic	J	same-print	sets/11-mega-evolution/set-ascended-heroes/koraidon-ex.ts	ASC	121
ASC	127	Team Rocket's Honchkrow	D Stage 1	I	same-print	sets/11-mega-evolution/set-ascended-heroes/team-rockets-honchkrow.ts	ASC	127
ASC	151	Dragonair	N Stage 1	I	same-print	sets/11-mega-evolution/set-ascended-heroes/dragonair.ts	ASC	151
ASC	152	Mega Dragonite ex	N Stage 2	I	same-print	sets/11-mega-evolution/set-ascended-heroes/mega-dragonite-ex.ts	ASC	152
ASC	155	N's Zekrom	N Basic	I	same-print	sets/11-mega-evolution/set-ascended-heroes/ns-zekrom.ts	ASC	155
ASC	162	Team Rocket's Kangaskhan ex	C Basic	I	same-print	sets/11-mega-evolution/set-ascended-heroes/team-rockets-kangaskhan-ex.ts	ASC	162
ASC	172	Mega Audino ex	C Basic	J	same-print	sets/11-mega-evolution/set-ascended-heroes/mega-audino-ex.ts	ASC	172
ASC	185	Canari	Supporter	I	same-print	sets/11-mega-evolution/set-ascended-heroes/canari.ts	ASC	185
ASC	191	Light Ball	Tool	I	same-print	sets/11-mega-evolution/set-ascended-heroes/light-ball.ts	ASC	191
ASC	197	Nighttime Mine	Stadium	I	same-print	sets/11-mega-evolution/set-ascended-heroes/night-mine.ts	ASC	197
BLK	34	Zekrom ex	L Basic	I	same-print	sets/10-scarlet-and-violet/set-black-bolt-white-flare/zekrom-ex.ts	BLK	34
BLK	40	Elgyem	P Basic	I	same-print	sets/10-scarlet-and-violet/set-black-bolt-white-flare/elgyem.ts	BLK	40
BLK	67	Genesect ex	M Basic	I	same-print	sets/10-scarlet-and-violet/set-black-bolt-white-flare/genesect-ex.ts	BLK	67
BLK	82	Fennel	Supporter	I	same-print	sets/10-scarlet-and-violet/set-black-bolt-white-flare/fennel.ts	BLK	82
BLK	83	N's Plan	Supporter	I	same-print	sets/10-scarlet-and-violet/set-black-bolt-white-flare/ns-plan.ts	BLK	83
CRI	1	Weedle	G Basic	J	same-print	sets/11-mega-evolution/set-chaos-rising/weedle.ts	CRI	1
CRI	2	Kakuna	G Stage 1	J	same-print	sets/11-mega-evolution/set-chaos-rising/kakuna.ts	CRI	2
CRI	3	Beedrill ex	G Stage 2	J	same-print	sets/11-mega-evolution/set-chaos-rising/beedrill-ex.ts	CRI	3
CRI	20	Froakie	W Basic	J	same-print	sets/11-mega-evolution/set-chaos-rising/froakie.ts	CRI	20
CRI	21	Frogadier	W Stage 1	J	same-print	sets/11-mega-evolution/set-chaos-rising/frogadier.ts	CRI	21
CRI	22	Mega Greninja ex	W Stage 2	J	same-print	sets/11-mega-evolution/set-chaos-rising/mega-greninja-ex.ts	CRI	22
CRI	32	Deoxys	P Basic	J	same-print	sets/11-mega-evolution/set-chaos-rising/deoxys-2.ts	CRI	32
CRI	33	Deoxys	P Basic	J	same-print	sets/11-mega-evolution/set-chaos-rising/deoxys-3.ts	CRI	33
CRI	56	Trubbish	D Basic	J	same-print	sets/11-mega-evolution/set-chaos-rising/trubbish.ts	CRI	56
CRI	59	Beldum	M Basic	J	same-print	sets/11-mega-evolution/set-chaos-rising/beldum.ts	CRI	59
CRI	61	Metagross	M Stage 2	J	same-print	sets/11-mega-evolution/set-chaos-rising/metagross.ts	CRI	61
CRI	70	Patrat	C Basic	J	same-print	sets/11-mega-evolution/set-chaos-rising/patrat.ts	CRI	70
CRI	76	AZ's Tranquility	Supporter	J	same-print	sets/11-mega-evolution/set-chaos-rising/azs-tranquility.ts	CRI	76
CRI	78	Great Haul Net	Item	J	same-print	sets/11-mega-evolution/set-chaos-rising/great-haul-net.ts	CRI	78
CRI	79	Philippe	Supporter	J	same-print	sets/11-mega-evolution/set-chaos-rising/philippe.ts	CRI	79
CRI	80	Prism Tower	Stadium	J	same-print	sets/11-mega-evolution/set-chaos-rising/prism-tower.ts	CRI	80
CRI	82	Special Red Card	Item	J	same-print	sets/11-mega-evolution/set-chaos-rising/special-red-card.ts	CRI	82
CRI	83	Transformation Tome	Item	J	same-print	sets/11-mega-evolution/set-chaos-rising/transformation-tome.ts	CRI	83
CRI	84	Bubbly Water Energy	Special Energy	J	same-print	sets/11-mega-evolution/set-chaos-rising/bubble-water-energy.ts	CRI	84
CRI	85	Magnetic Metal Energy	Special Energy	J	same-print	sets/11-mega-evolution/set-chaos-rising/magnet-metal-energy.ts	CRI	85
DRI	2	Yanma	G Basic	I	same-print	sets/10-scarlet-and-violet/set-destined-rivals/yanma.ts	DRI	2
DRI	3	Yanmega ex	G Stage 1	I	same-print	sets/10-scarlet-and-violet/set-destined-rivals/yanmega-ex.ts	DRI	3
DRI	7	Cynthia's Roselia	G Basic	I	same-print	sets/10-scarlet-and-violet/set-destined-rivals/cynthias-roselia.ts	DRI	7
DRI	10	Shaymin	G Basic	I	same-print	sets/10-scarlet-and-violet/set-destined-rivals/shaymin.ts	DRI	10
DRI	11	Dwebble	G Basic	I	same-print	sets/10-scarlet-and-violet/set-destined-rivals/dwebble.ts	DRI	11
DRI	12	Crustle	G Stage 1	I	same-print	sets/10-scarlet-and-violet/set-destined-rivals/crustle.ts	DRI	12
DRI	16	Applin	G Basic	I	same-print	sets/10-scarlet-and-violet/set-destined-rivals/applin.ts	DRI	16
DRI	18	Hydrapple	G Stage 2	I	same-print	sets/10-scarlet-and-violet/set-destined-rivals/hydrapple.ts	DRI	18
DRI	21	Smoliv	G Basic	I	same-print	sets/10-scarlet-and-violet/set-destined-rivals/smoliv.ts	DRI	21
DRI	22	Dolliv	G Stage 1	I	same-print	sets/10-scarlet-and-violet/set-destined-rivals/dolliv.ts	DRI	22
DRI	23	Arboliva ex	G Stage 2	I	same-print	sets/10-scarlet-and-violet/set-destined-rivals/arboliva-ex.ts	DRI	23
DRI	32	Ethan's Cyndaquil	R Basic	I	same-print	sets/10-scarlet-and-violet/set-destined-rivals/ethans-cyndaquil.ts	DRI	32
DRI	34	Ethan's Typhlosion	R Stage 2	I	same-print	sets/10-scarlet-and-violet/set-destined-rivals/ethans-typhlosion.ts	DRI	34
DRI	40	Torchic	R Basic	I	same-print	sets/10-scarlet-and-violet/set-destined-rivals/torchic.ts	DRI	40
DRI	41	Combusken	R Stage 1	I	same-print	sets/10-scarlet-and-violet/set-destined-rivals/combusken.ts	DRI	41
DRI	51	Team Rocket's Articuno	W Basic	I	same-print	sets/10-scarlet-and-violet/set-destined-rivals/team-rockets-articuno.ts	DRI	51
DRI	70	Team Rocket's Zapdos	L Basic	I	same-print	sets/10-scarlet-and-violet/set-destined-rivals/team-rockets-zapdos.ts	DRI	70
DRI	71	Ethan's Pichu	L Basic	I	same-print	sets/10-scarlet-and-violet/set-destined-rivals/ethans-pichu.ts	DRI	71
DRI	78	Zeraora	L Basic	I	same-print	sets/10-scarlet-and-violet/set-destined-rivals/zeraora.ts	DRI	78
DRI	82	Team Rocket's Wobbuffet	P Basic	I	same-print	sets/10-scarlet-and-violet/set-destined-rivals/team-rockets-wobbuffet.ts	DRI	82
DRI	83	Steven's Baltoy	P Basic	I	same-print	sets/10-scarlet-and-violet/set-destined-rivals/stevens-baltoy.ts	DRI	83
DRI	84	Steven's Claydol	P Stage 1	I	same-print	sets/10-scarlet-and-violet/set-destined-rivals/stevens-claydol.ts	DRI	84
DRI	134	Marnie's Impidimp	D Basic	I	same-print	sets/10-scarlet-and-violet/set-destined-rivals/marnies-impidimp.ts	DRI	134
DRI	135	Marnie's Morgrem	D Stage 1	I	same-print	sets/10-scarlet-and-violet/set-destined-rivals/marnies-morgrem.ts	DRI	135
DRI	137	Marnie's Morpeko	D Basic	I	same-print	sets/10-scarlet-and-violet/set-destined-rivals/marnies-morpeko.ts	DRI	137
DRI	144	Steven's Metang	M Stage 1	I	same-print	sets/10-scarlet-and-violet/set-destined-rivals/stevens-metang.ts	DRI	144
DRI	153	Team Rocket's Porygon	C Basic	I	same-print	sets/10-scarlet-and-violet/set-destined-rivals/team-rockets-porygon.ts	DRI	153
DRI	154	Team Rocket's Porygon2	C Stage 1	I	same-print	sets/10-scarlet-and-violet/set-destined-rivals/team-rockets-porygon2.ts	DRI	154
DRI	155	Team Rocket's Porygon-Z	C Stage 2	I	same-print	sets/10-scarlet-and-violet/set-destined-rivals/team-rockets-porygon-z.ts	DRI	155
DRI	162	Cynthia's Power Weight	Tool	I	same-print	sets/10-scarlet-and-violet/set-destined-rivals/cynthias-power-weight.ts	DRI	162
DRI	165	Ethan's Adventure	Supporter	I	same-print	sets/10-scarlet-and-violet/set-destined-rivals/ethans-adventure.ts	DRI	165
DRI	169	Spikemuth Gym	Stadium	I	same-print	sets/10-scarlet-and-violet/set-destined-rivals/spikemuth-gym.ts	DRI	169
DRI	179	Team Rocket's Venture Bomb	Item	I	same-print	sets/10-scarlet-and-violet/set-destined-rivals/team-rockets-venture-bomb.ts	DRI	179
JTG	6	Petilil	G Basic	H	same-print	sets/10-scarlet-and-violet/set-journey-together/petilil.ts	JTG	6
JTG	7	Lilligant	G Stage 1	H	same-print	sets/10-scarlet-and-violet/set-journey-together/lilligant.ts	JTG	7
JTG	8	Maractus	G Basic	I	same-print	sets/10-scarlet-and-violet/set-journey-together/maractus.ts	JTG	8
JTG	21	Magmortar	R Stage 1	I	same-print	sets/10-scarlet-and-violet/set-journey-together/magmortar.ts	JTG	21
JTG	22	Torchic	R Basic	H	same-print	sets/10-scarlet-and-violet/set-journey-together/torchic.ts	JTG	22
JTG	23	Combusken	R Stage 1	H	same-print	sets/10-scarlet-and-violet/set-journey-together/combusken.ts	JTG	23
JTG	31	Volcanion ex	R Basic	I	same-print	sets/10-scarlet-and-violet/set-journey-together/volcanion-ex.ts	JTG	31
JTG	64	N's Sigilyph	P Basic	I	same-print	sets/10-scarlet-and-violet/set-journey-together/ns-sigilyph.ts	JTG	64
JTG	77	Swinub	F Basic	I	same-print	sets/10-scarlet-and-violet/set-journey-together/swinub.ts	JTG	77
JTG	79	Mamoswine ex	F Stage 2	I	same-print	sets/10-scarlet-and-violet/set-journey-together/mamoswine-ex.ts	JTG	79
JTG	80	Larvitar	F Basic	I	same-print	sets/10-scarlet-and-violet/set-journey-together/larvitar.ts	JTG	80
JTG	88	Toedscool	F Basic	H	same-print	sets/10-scarlet-and-violet/set-journey-together/toedscool.ts	JTG	88
JTG	95	Tyranitar	D Stage 2	I	same-print	sets/10-scarlet-and-violet/set-journey-together/tyranitar.ts	JTG	95
JTG	111	Hop's Zacian ex	M Basic	I	same-print	sets/10-scarlet-and-violet/set-journey-together/hops-zacian-ex.ts	JTG	111
JTG	114	Salamence ex	N Stage 2	I	same-print	sets/10-scarlet-and-violet/set-journey-together/salamence-ex.ts	JTG	114
JTG	117	Hop's Snorlax	C Basic	I	same-print	sets/10-scarlet-and-violet/set-journey-together/hops-snorlax.ts	JTG	117
JTG	120	Dunsparce	C Basic	I	same-print	sets/10-scarlet-and-violet/set-journey-together/dunsparce.ts	JTG	120
JTG	121	Dudunsparce ex	C Stage 1	I	same-print	sets/10-scarlet-and-violet/set-journey-together/dudunsparce-ex.ts	JTG	121
JTG	135	Hop's Wooloo	C Basic	I	same-print	sets/10-scarlet-and-violet/set-journey-together/hops-wooloo.ts	JTG	135
JTG	136	Hop's Dubwool	C Stage 1	I	same-print	sets/10-scarlet-and-violet/set-journey-together/hops-dubwool.ts	JTG	136
JTG	146	Brock's Scouting	Supporter	I	same-print	sets/10-scarlet-and-violet/set-journey-together/brocks-scouting.ts	JTG	146
JTG	147	Hop's Bag	Item	I	same-print	sets/10-scarlet-and-violet/set-journey-together/hops-bag.ts	JTG	147
JTG	148	Hop's Choice Band	Tool	I	same-print	sets/10-scarlet-and-violet/set-journey-together/hops-choice-band.ts	JTG	148
JTG	151	Lillie's Pearl	Tool	I	same-print	sets/10-scarlet-and-violet/set-journey-together/lillies-pearl.ts	JTG	151
JTG	152	N's Castle	Stadium	I	same-print	sets/10-scarlet-and-violet/set-journey-together/ns-castle.ts	JTG	152
JTG	154	Postwick	Stadium	I	same-print	sets/10-scarlet-and-violet/set-journey-together/postwick.ts	JTG	154
JTG	156	Redeemable Ticket	Item	I	same-print	sets/10-scarlet-and-violet/set-journey-together/exchange-ticket.ts	JTG	156
JTG	157	Ruffian	Supporter	I	same-print	sets/10-scarlet-and-violet/set-journey-together/ruffian.ts	JTG	157
JTG	159	Spiky Energy	Special Energy	I	same-print	sets/10-scarlet-and-violet/set-journey-together/spiky-energy.ts	JTG	159
MEE	1	Grass Energy	Basic Energy	?	same-print	sets/11-mega-evolution/set-mega-evolution-energy/basic-energies.ts	MEE	1
MEE	2	Fire Energy	Basic Energy	?	same-print	sets/11-mega-evolution/set-mega-evolution-energy/basic-energies.ts	MEE	2
MEE	3	Water Energy	Basic Energy	?	same-print	sets/11-mega-evolution/set-mega-evolution-energy/basic-energies.ts	MEE	3
MEE	4	Lightning Energy	Basic Energy	?	same-print	sets/11-mega-evolution/set-mega-evolution-energy/basic-energies.ts	MEE	4
MEE	5	Psychic Energy	Basic Energy	?	same-print	sets/11-mega-evolution/set-mega-evolution-energy/basic-energies.ts	MEE	5
MEE	6	Fighting Energy	Basic Energy	?	same-print	sets/11-mega-evolution/set-mega-evolution-energy/basic-energies.ts	MEE	6
MEE	7	Darkness Energy	Basic Energy	?	same-print	sets/11-mega-evolution/set-mega-evolution-energy/basic-energies.ts	MEE	7
MEE	8	Metal Energy	Basic Energy	?	same-print	sets/11-mega-evolution/set-mega-evolution-energy/basic-energies.ts	MEE	8
MEG	1	Bulbasaur	G Basic	I	same-print	sets/11-mega-evolution/set-mega-evolution/bulbasaur.ts	MEG	1
MEG	2	Ivysaur	G Stage 1	I	same-print	sets/11-mega-evolution/set-mega-evolution/ivysaur.ts	MEG	2
MEG	3	Mega Venusaur ex	G Stage 2	I	same-print	sets/11-mega-evolution/set-mega-evolution/mega-venusaur-ex.ts	MEG	3
MEG	8	Chikorita	G Basic	I	same-print	sets/11-mega-evolution/set-mega-evolution/chikorita.ts	MEG	8
MEG	9	Bayleef	G Stage 1	I	same-print	sets/11-mega-evolution/set-mega-evolution/bayleef.ts	MEG	9
MEG	10	Meganium	G Stage 2	I	same-print	sets/11-mega-evolution/set-mega-evolution/meganium.ts	MEG	10
MEG	11	Shuckle	G Basic	I	same-print	sets/11-mega-evolution/set-mega-evolution/shuckle.ts	MEG	11
MEG	12	Celebi	G Basic	I	same-print	sets/11-mega-evolution/set-mega-evolution/celebi.ts	MEG	12
MEG	45	Magnemite	L Basic	I	same-print	sets/11-mega-evolution/set-mega-evolution/magnemite.ts	MEG	45
MEG	49	Electrike	L Basic	I	same-print	sets/11-mega-evolution/set-mega-evolution/electrike.ts	MEG	49
MEG	50	Mega Manectric ex	L Stage 1	I	same-print	sets/11-mega-evolution/set-mega-evolution/mega-manectric-ex.ts	MEG	50
MEG	54	Abra	P Basic	I	same-print	sets/11-mega-evolution/set-mega-evolution/abra.ts	MEG	54
MEG	55	Kadabra	P Stage 1	I	same-print	sets/11-mega-evolution/set-mega-evolution/kadabra.ts	MEG	55
MEG	67	Gimmighoul	P Basic	I	same-print	sets/11-mega-evolution/set-mega-evolution/gimmighoul.ts	MEG	67
MEG	70	Onix	F Basic	I	same-print	sets/11-mega-evolution/set-mega-evolution/onix.ts	MEG	70
MEG	72	Makuhita	F Basic	I	same-print	sets/11-mega-evolution/set-mega-evolution/makuhita.ts	MEG	72
MEG	73	Hariyama	F Stage 1	I	same-print	sets/11-mega-evolution/set-mega-evolution/hariyama.ts	MEG	73
MEG	86	Mega Absol ex	D Basic	I	same-print	sets/11-mega-evolution/set-mega-evolution/mega-absol-ex.ts	MEG	86
MEG	88	Yveltal	D Basic	I	same-print	sets/11-mega-evolution/set-mega-evolution/yveltal.ts	MEG	88
MEG	93	Steelix	M Stage 1	I	same-print	sets/11-mega-evolution/set-mega-evolution/steelix.ts	MEG	93
MEG	94	Mega Mawile ex	M Basic	I	same-print	sets/11-mega-evolution/set-mega-evolution/mega-mawile-ex.ts	MEG	94
MEG	95	Dialga	M Basic	I	same-print	sets/11-mega-evolution/set-mega-evolution/dialga.ts	MEG	95
MEG	96	Tinkatink	M Basic	I	same-print	sets/11-mega-evolution/set-mega-evolution/tinkatink.ts	MEG	96
MEG	100	Mega Latias ex	N Basic	I	same-print	sets/11-mega-evolution/set-mega-evolution/mega-latias-ex.ts	MEG	100
MEG	104	Mega Kangaskhan ex	C Basic	I	same-print	sets/11-mega-evolution/set-mega-evolution/mega-kangaskhan-ex.ts	MEG	104
MEG	109	Yungoos	C Basic	I	same-print	sets/11-mega-evolution/set-mega-evolution/yungoos.ts	MEG	109
MEG	127	Risky Ruins	Stadium	I	same-print	sets/11-mega-evolution/set-mega-evolution/risky-ruins.ts	MEG	127
MEG	128	Strange Timepiece	Item	I	same-print	sets/11-mega-evolution/set-mega-evolution/strange-timepiece.ts	MEG	128
MEG	132	Wally's Compassion	Supporter	I	same-print	sets/11-mega-evolution/set-mega-evolution/wallys-compassion.ts	MEG	132
PBL	5	Poltchageist	G Basic	J	same-print	sets/11-mega-evolution/set-pitch-black/poltchageist.ts	PBL	5
PBL	6	Sinistcha	G Stage 1	J	same-print	sets/11-mega-evolution/set-pitch-black/sinistcha.ts	PBL	6
PBL	13	Goldeen	W Basic	J	same-print	sets/11-mega-evolution/set-pitch-black/goldeen.ts	PBL	13
PBL	24	Manectric	L Stage 1	J	same-print	sets/11-mega-evolution/set-pitch-black/manectric.ts	PBL	24
PBL	29	Slowpoke	P Basic	J	same-print	sets/11-mega-evolution/set-pitch-black/slowpoke.ts	PBL	29
PBL	31	Mega Slowbro ex	P Stage 1	J	same-print	sets/11-mega-evolution/set-pitch-black/mega-slowbro-ex.ts	PBL	31
PBL	33	Shuppet	P Basic	J	same-print	sets/11-mega-evolution/set-pitch-black/shuppet.ts	PBL	33
PBL	34	Banette	P Stage 1	J	same-print	sets/11-mega-evolution/set-pitch-black/banette.ts	PBL	34
PBL	35	Spiritomb	P Basic	J	same-print	sets/11-mega-evolution/set-pitch-black/spiritomb.ts	PBL	35
PBL	36	Litwick	P Basic	J	same-print	sets/11-mega-evolution/set-pitch-black/litwick.ts	PBL	36
PBL	37	Lampent	P Stage 1	J	same-print	sets/11-mega-evolution/set-pitch-black/lampent.ts	PBL	37
PBL	38	Mega Chandelure ex	P Stage 2	J	same-print	sets/11-mega-evolution/set-pitch-black/mega-chandelure-ex.ts	PBL	38
PBL	39	Dhelmise	P Basic	J	same-print	sets/11-mega-evolution/set-pitch-black/dhelmise.ts	PBL	39
PBL	41	Annihilape	P Stage 2	J	same-print	sets/11-mega-evolution/set-pitch-black/annihilape.ts	PBL	41
PBL	46	Drilbur	F Basic	J	same-print	sets/11-mega-evolution/set-pitch-black/drilbur.ts	PBL	46
PBL	48	Mega Darkrai ex	D Basic	J	same-print	sets/11-mega-evolution/set-pitch-black/mega-darkrai-ex.ts	PBL	48
PBL	59	Chi-Yu	D Basic	J	same-print	sets/11-mega-evolution/set-pitch-black/chi-yu.ts	PBL	59
PBL	65	Mega Excadrill ex	M Stage 1	J	same-print	sets/11-mega-evolution/set-pitch-black/mega-excadrill-ex.ts	PBL	65
PBL	66	Pikipek	C Basic	J	same-print	sets/11-mega-evolution/set-pitch-black/pikipek.ts	PBL	66
PBL	67	Trumbeak	C Stage 1	J	same-print	sets/11-mega-evolution/set-pitch-black/trumbeak.ts	PBL	67
PBL	68	Toucannon	C Stage 2	J	same-print	sets/11-mega-evolution/set-pitch-black/toucannon.ts	PBL	68
PBL	74	Backtrack Badge	Tool	J	same-print	sets/11-mega-evolution/set-pitch-black/backtrack-badge.ts	PBL	74
PBL	75	Dark Bell	Item	J	same-print	sets/11-mega-evolution/set-pitch-black/dark-bell.ts	PBL	75
PBL	77	Gladion's Final Battle	Supporter	J	same-print	sets/11-mega-evolution/set-pitch-black/gladions-final-battle.ts	PBL	77
PBL	78	Gwynn	Supporter	J	same-print	sets/11-mega-evolution/set-pitch-black/gwynn.ts	PBL	78
PBL	81	Rust Syndicate Grunt	Supporter	J	same-print	sets/11-mega-evolution/set-pitch-black/rust-syndicate-grunt.ts	PBL	81
PBL	83	Shadowy Darkness Energy	Special Energy	J	same-print	sets/11-mega-evolution/set-pitch-black/shadowy-darkness-energy.ts	PBL	83
PFL	4	Mega Heracross ex	G Basic	I	same-print	sets/11-mega-evolution/set-phantasmal-flames/mega-heracross-ex.ts	PFL	4
PFL	8	Genesect	G Basic	I	same-print	sets/11-mega-evolution/set-phantasmal-flames/genesect.ts	PFL	8
PFL	12	Charmeleon	R Stage 1	I	same-print	sets/11-mega-evolution/set-phantasmal-flames/charmeleon.ts	PFL	12
PFL	13	Mega Charizard X ex	R Stage 2	I	same-print	sets/11-mega-evolution/set-phantasmal-flames/mega-charizard-x-ex.ts	PFL	13
PFL	14	Moltres	R Basic	I	same-print	sets/11-mega-evolution/set-phantasmal-flames/moltres.ts	PFL	14
PFL	18	Oricorio ex	R Basic	I	same-print	sets/11-mega-evolution/set-phantasmal-flames/oricorio-ex.ts	PFL	18
PFL	27	Piplup	W Basic	I	same-print	sets/11-mega-evolution/set-phantasmal-flames/piplup.ts	PFL	27
PFL	45	Zacian	P Basic	I	same-print	sets/11-mega-evolution/set-phantasmal-flames/zacian.ts	PFL	45
PFL	61	Mega Sharpedo ex	D Stage 1	I	same-print	sets/11-mega-evolution/set-phantasmal-flames/mega-sharpedo-ex.ts	PFL	61
PFL	62	Seviper	D Basic	I	same-print	sets/11-mega-evolution/set-phantasmal-flames/seviper.ts	PFL	62
PFL	70	Empoleon ex	M Stage 2	I	same-print	sets/11-mega-evolution/set-phantasmal-flames/empoleon-ex.ts	PFL	70
PFL	74	Duraludon	M Basic	I	same-print	sets/11-mega-evolution/set-phantasmal-flames/duraludon.ts	PFL	74
PFL	75	Archaludon	M Stage 1	I	same-print	sets/11-mega-evolution/set-phantasmal-flames/archaludon.ts	PFL	75
PFL	83	Buneary	C Basic	I	same-print	sets/11-mega-evolution/set-phantasmal-flames/buneary.ts	PFL	83
PFL	84	Mega Lopunny ex	C Stage 1	I	same-print	sets/11-mega-evolution/set-phantasmal-flames/mega-lopunny-ex.ts	PFL	84
PFL	85	Battle Cage	Stadium	I	same-print	sets/11-mega-evolution/set-phantasmal-flames/battle-colosseum.ts	PFL	85
PFL	86	Blowtorch	Item	I	same-print	sets/11-mega-evolution/set-phantasmal-flames/blowtorch.ts	PFL	86
PFL	87	Dawn	Supporter	I	same-print	sets/11-mega-evolution/set-phantasmal-flames/dawn.ts	PFL	87
PFL	89	Firebreather	Supporter	I	same-print	sets/11-mega-evolution/set-phantasmal-flames/firebreather.ts	PFL	89
PFL	90	Grimsley's Move	Supporter	I	same-print	sets/11-mega-evolution/set-phantasmal-flames/grimsleys-gambit.ts	PFL	90
PFL	92	Punk Helmet	Tool	I	same-print	sets/11-mega-evolution/set-phantasmal-flames/punk-helmet.ts	PFL	92
PFL	93	Sacred Charm	Tool	I	same-print	sets/11-mega-evolution/set-phantasmal-flames/sacred-charm.ts	PFL	93
POR	7	Scatterbug	G Basic	J	same-print	sets/11-mega-evolution/set-perfect-order/scatterbug.ts	POR	7
POR	8	Spewpa	G Stage 1	J	same-print	sets/11-mega-evolution/set-perfect-order/spewpa.ts	POR	8
POR	9	Vivillon	G Stage 2	J	same-print	sets/11-mega-evolution/set-perfect-order/vivillon.ts	POR	9
POR	10	Rowlet	G Basic	J	same-print	sets/11-mega-evolution/set-perfect-order/rowlet.ts	POR	10
POR	11	Dartrix	G Stage 1	J	same-print	sets/11-mega-evolution/set-perfect-order/dartrix.ts	POR	11
POR	12	Decidueye ex	G Stage 2	J	same-print	sets/11-mega-evolution/set-perfect-order/decidueye-ex.ts	POR	12
POR	20	Staryu	W Basic	J	same-print	sets/11-mega-evolution/set-perfect-order/staryu.ts	POR	20
POR	21	Mega Starmie ex	W Stage 1	J	same-print	sets/11-mega-evolution/set-perfect-order/mega-starmie-ex.ts	POR	21
POR	30	Clefairy	P Basic	J	same-print	sets/11-mega-evolution/set-perfect-order/clefairy.ts	POR	30
POR	42	Binacle	F Basic	J	same-print	sets/11-mega-evolution/set-perfect-order/binacle.ts	POR	42
POR	43	Barbaracle	F Stage 1	J	same-print	sets/11-mega-evolution/set-perfect-order/barbaracle.ts	POR	43
POR	51	Skorupi	D Basic	J	same-print	sets/11-mega-evolution/set-perfect-order/skorupi.ts	POR	51
POR	52	Drapion	D Stage 1	J	same-print	sets/11-mega-evolution/set-perfect-order/drapion.ts	POR	52
POR	55	Mega Skarmory ex	M Basic	J	same-print	sets/11-mega-evolution/set-perfect-order/mega-skarmory-ex.ts	POR	55
POR	62	Meowth ex	C Basic	J	same-print	sets/11-mega-evolution/set-perfect-order/meowth-ex.ts	POR	62
POR	67	Furfrou	C Basic	J	same-print	sets/11-mega-evolution/set-perfect-order/furfrou.ts	POR	67
POR	73	Energy Swatter	Item	J	same-print	sets/11-mega-evolution/set-perfect-order/energy-swatter.ts	POR	73
POR	75	Jacinthe	Supporter	J	same-print	sets/11-mega-evolution/set-perfect-order/jacinthe.ts	POR	75
POR	77	Lumiose City	Stadium	J	same-print	sets/11-mega-evolution/set-perfect-order/lumioise-city.ts	POR	77
POR	78	Lumiose Galette	Item	J	same-print	sets/11-mega-evolution/set-perfect-order/lumiose-galette.ts	POR	78
POR	79	Naveen	Supporter	J	same-print	sets/11-mega-evolution/set-perfect-order/naveen.ts	POR	79
POR	84	Rosa's Encouragement	Supporter	J	same-print	sets/11-mega-evolution/set-perfect-order/rosas-encouragement.ts	POR	84
POR	85	Tarragon	Supporter	J	same-print	sets/11-mega-evolution/set-perfect-order/tarragon.ts	POR	85
POR	87	Rocky Fighting Energy	Special Energy	J	same-print	sets/11-mega-evolution/set-perfect-order/rock-fighting-energy.ts	POR	87
POR	88	Telepathic Psychic Energy	Special Energy	J	same-print	sets/11-mega-evolution/set-perfect-order/telepath-psychic-energy.ts	POR	88
PRE	6	Leafeon ex	G Stage 1	H	same-print	sets/10-scarlet-and-violet/set-prismatic-evolution/leafeon-ex.ts	PRE	6
PRE	14	Flareon ex	R Stage 1	H	same-print	sets/10-scarlet-and-violet/set-prismatic-evolution/flareon-ex.ts	PRE	14
PRE	21	Seaking	W Stage 1	H	same-print	sets/10-scarlet-and-violet/set-prismatic-evolution/seaking.ts	PRE	21
PRE	30	Jolteon ex	L Stage 1	H	same-print	sets/10-scarlet-and-violet/set-prismatic-evolution/jolteon-ex.ts	PRE	30
PRE	40	Sylveon	P Stage 1	H	same-print	sets/10-scarlet-and-violet/set-prismatic-evolution/sylveon.ts	PRE	40
PRE	48	Pupitar	F Stage 1	H	same-print	sets/10-scarlet-and-violet/set-prismatic-evolution/pupitar.ts	PRE	48
PRE	50	Riolu	F Basic	H	same-print	sets/10-scarlet-and-violet/set-prismatic-evolution/riolu.ts	PRE	50
PRE	60	Umbreon ex	D Stage 1	H	same-print	sets/10-scarlet-and-violet/set-prismatic-evolution/umbreon-ex.ts	PRE	60
PRE	66	Bronzor	M Basic	H	same-print	sets/10-scarlet-and-violet/set-prismatic-evolution/bronzor.ts	PRE	66
PRE	75	Eevee ex	C Basic	H	same-print	sets/10-scarlet-and-violet/set-prismatic-evolution/eevee-ex.ts	PRE	75
PRE	77	Hoothoot	C Basic	H	same-print	sets/10-scarlet-and-violet/set-prismatic-evolution/hoothoot.ts	PRE	77
PRE	86	Regigigas	C Basic	H	same-print	sets/10-scarlet-and-violet/set-prismatic-evolution/regigigas.ts	PRE	86
PRE	111	Haban Berry	Tool	H	same-print	sets/10-scarlet-and-violet/set-prismatic-evolution/haban-berry.ts	PRE	111
PRE	115	Larry's Skill	Supporter	H	same-print	sets/10-scarlet-and-violet/set-prismatic-evolution/larrys-skill.ts	PRE	115
PRE	116	Max Rod	Item	H	same-print	sets/10-scarlet-and-violet/set-prismatic-evolution/max-rod.ts	PRE	116
PRE	127	Roto-Stick	Item	H	same-print	sets/10-scarlet-and-violet/set-prismatic-evolution/roto-stick.ts	PRE	127
SCR	13	Dipplin	G Stage 1	H	same-print	sets/10-scarlet-and-violet/set-stellar-crown/dipplin.ts	SCR	13
SCR	17	Toedscool	G Basic	H	same-print	sets/10-scarlet-and-violet/set-stellar-crown/toedscool.ts	SCR	17
SCR	42	Crabominable	W Stage 1	H	same-print	sets/10-scarlet-and-violet/set-stellar-crown/crabominable.ts	SCR	42
SCR	50	Joltik	L Basic	H	same-print	sets/10-scarlet-and-violet/set-stellar-crown/joltik.ts	SCR	50
SCR	51	Galvantula ex	L Stage 1	H	same-print	sets/10-scarlet-and-violet/set-stellar-crown/galvantula-ex.ts	SCR	51
SCR	55	Zeraora	L Basic	H	same-print	sets/10-scarlet-and-violet/set-stellar-crown/zeraora.ts	SCR	55
SCR	57	Slowpoke	P Basic	H	same-print	sets/10-scarlet-and-violet/set-stellar-crown/slowpoke.ts	SCR	57
SCR	58	Slowking	P Stage 1	H	same-print	sets/10-scarlet-and-violet/set-stellar-crown/slowking.ts	SCR	58
SCR	63	Comfey	P Basic	H	same-print	sets/10-scarlet-and-violet/set-stellar-crown/comfey.ts	SCR	63
SCR	86	Diancie	F Basic	H	same-print	sets/10-scarlet-and-violet/set-stellar-crown/diancie.ts	SCR	86
SCR	111	Raging Bolt	N Basic	H	same-print	sets/10-scarlet-and-violet/set-stellar-crown/raging-bolt.ts	SCR	111
SCR	113	Eevee	C Basic	H	same-print	sets/10-scarlet-and-violet/set-stellar-crown/eevee.ts	SCR	113
SCR	114	Hoothoot	C Basic	H	same-print	sets/10-scarlet-and-violet/set-stellar-crown/hoothoot.ts	SCR	114
SCR	119	Bouffalant	C Basic	H	same-print	sets/10-scarlet-and-violet/set-stellar-crown/bouffalant.ts	SCR	119
SCR	136	Grand Tree	Stadium	H	same-print	sets/10-scarlet-and-violet/set-stellar-crown/grand-tree.ts	SCR	136
SCR	137	Gravity Gemstone	Tool	H	same-print	sets/10-scarlet-and-violet/set-stellar-crown/gravity-gemstone.ts	SCR	137
SCR	138	Kofu	Supporter	H	same-print	sets/10-scarlet-and-violet/set-stellar-crown/kofu.ts	SCR	138
SFA	2	Galvantula	G Stage 1	H	same-print	sets/10-scarlet-and-violet/set-shrouded-fable/galvantula.ts	SFA	2
SFA	3	Rowlet	G Basic	H	same-print	sets/10-scarlet-and-violet/set-shrouded-fable/rowlet.ts	SFA	3
SFA	4	Dartrix	G Stage 1	H	same-print	sets/10-scarlet-and-violet/set-shrouded-fable/dartrix.ts	SFA	4
SFA	6	Tapu Bulu	G Basic	H	same-print	sets/10-scarlet-and-violet/set-shrouded-fable/tapu-bulu.ts	SFA	6
SFA	21	Cresselia	P Basic	H	same-print	sets/10-scarlet-and-violet/set-shrouded-fable/cresselia.ts	SFA	21
SFA	26	Slither Wing	F Basic	H	same-print	sets/10-scarlet-and-violet/set-shrouded-fable/slither-wing.ts	SFA	26
SFA	31	Zorua	D Basic	H	same-print	sets/10-scarlet-and-violet/set-shrouded-fable/zorua.ts	SFA	31
SFA	35	Yveltal	D Basic	H	same-print	sets/10-scarlet-and-violet/set-shrouded-fable/yveltal.ts	SFA	35
SFA	36	Okidogi ex	D Basic	H	same-print	sets/10-scarlet-and-violet/set-shrouded-fable/okidogi-ex.ts	SFA	36
SFA	37	Munkidori ex	D Basic	H	same-print	sets/10-scarlet-and-violet/set-shrouded-fable/munkidori-ex.ts	SFA	37
SFA	40	Genesect	M Basic	H	same-print	sets/10-scarlet-and-violet/set-shrouded-fable/genesect.ts	SFA	40
SFA	41	Cufant	M Basic	H	same-print	sets/10-scarlet-and-violet/set-shrouded-fable/cufant.ts	SFA	41
SFA	43	Varoom	M Basic	H	same-print	sets/10-scarlet-and-violet/set-shrouded-fable/varoom.ts	SFA	43
SFA	46	Haxorus	N Stage 2	H	same-print	sets/10-scarlet-and-violet/set-shrouded-fable/haxorus.ts	SFA	46
SFA	47	Kyurem	N Basic	H	same-print	sets/10-scarlet-and-violet/set-shrouded-fable/kyurem.ts	SFA	47
SFA	50	Eevee	C Basic	H	same-print	sets/10-scarlet-and-violet/set-shrouded-fable/eevee.ts	SFA	50
SFA	54	Academy at Night	Stadium	H	same-print	sets/10-scarlet-and-violet/set-shrouded-fable/night-time-academy.ts	SFA	54
SFA	56	Cassiopeia	Supporter	H	same-print	sets/10-scarlet-and-violet/set-shrouded-fable/cassiopeia.ts	SFA	56
SFA	57	Colress's Tenacity	Supporter	H	same-print	sets/10-scarlet-and-violet/set-shrouded-fable/colresss-obsession.ts	SFA	57
SFA	58	Dangerous Laser	Item	H	same-print	sets/10-scarlet-and-violet/set-shrouded-fable/dangerous-laser.ts	SFA	58
SFA	60	Neutralization Zone	Stadium	H	same-print	sets/10-scarlet-and-violet/set-shrouded-fable/neutral-center.ts	SFA	60
SFA	62	Poké Vital A	Item	H	same-print	sets/10-scarlet-and-violet/set-shrouded-fable/pokevital-a.ts	SFA	62
SFA	63	Powerglass	Tool	H	same-print	sets/10-scarlet-and-violet/set-shrouded-fable/power-hourglass.ts	SFA	63
SFA	64	Xerosic's Machinations	Supporter	H	same-print	sets/10-scarlet-and-violet/set-shrouded-fable/xerosics-scheme.ts	SFA	64
SSP	1	Exeggcute	G Basic	H	same-print	sets/10-scarlet-and-violet/set-surging-sparks/exeggcute.ts	SSP	1
SSP	4	Durant ex	G Basic	H	same-print	sets/10-scarlet-and-violet/set-surging-sparks/durant-ex.ts	SSP	4
SSP	11	Zarude	G Basic	H	same-print	sets/10-scarlet-and-violet/set-surging-sparks/zarude.ts	SSP	11
SSP	18	Paldean Tauros	R Basic	H	same-print	sets/10-scarlet-and-violet/set-surging-sparks/paldean-tauros.ts	SSP	18
SSP	19	Ho-Oh	R Basic	H	same-print	sets/10-scarlet-and-violet/set-surging-sparks/ho-oh.ts	SSP	19
SSP	21	Victini	R Basic	H	same-print	sets/10-scarlet-and-violet/set-surging-sparks/victini.ts	SSP	21
SSP	27	Sizzlipede	R Basic	H	same-print	sets/10-scarlet-and-violet/set-surging-sparks/sizzlipede.ts	SSP	27
SSP	28	Centiskorch	R Stage 1	H	same-print	sets/10-scarlet-and-violet/set-surging-sparks/centiskorch.ts	SSP	28
SSP	29	Fuecoco	R Basic	H	same-print	sets/10-scarlet-and-violet/set-surging-sparks/fuecoco.ts	SSP	29
SSP	31	Skeledirge	R Stage 2	H	same-print	sets/10-scarlet-and-violet/set-surging-sparks/skeledirge.ts	SSP	31
SSP	32	Charcadet	R Basic	H	same-print	sets/10-scarlet-and-violet/set-surging-sparks/charcadet.ts	SSP	32
SSP	33	Charcadet	R Basic	H	same-print	sets/10-scarlet-and-violet/set-surging-sparks/charcadet-2.ts	SSP	33
SSP	34	Armarouge	R Stage 1	H	same-print	sets/10-scarlet-and-violet/set-surging-sparks/armarouge.ts	SSP	34
SSP	41	Feebas	W Basic	H	same-print	sets/10-scarlet-and-violet/set-surging-sparks/feebas.ts	SSP	41
SSP	42	Milotic ex	W Stage 1	H	same-print	sets/10-scarlet-and-violet/set-surging-sparks/milotic-ex.ts	SSP	42
SSP	45	Walrein	W Stage 2	H	same-print	sets/10-scarlet-and-violet/set-surging-sparks/walrein.ts	SSP	45
SSP	46	Shellos	W Basic	H	same-print	sets/10-scarlet-and-violet/set-surging-sparks/shellos.ts	SSP	46
SSP	48	Black Kyurem ex	W Basic	H	same-print	sets/10-scarlet-and-violet/set-surging-sparks/black-kyurem-ex.ts	SSP	48
SSP	56	Chien-Pao	W Basic	H	same-print	sets/10-scarlet-and-violet/set-surging-sparks/chien-pao.ts	SSP	56
SSP	58	Magnemite	L Basic	H	same-print	sets/10-scarlet-and-violet/set-surging-sparks/magnemite.ts	SSP	58
SSP	59	Magneton	L Stage 1	H	same-print	sets/10-scarlet-and-violet/set-surging-sparks/magneton.ts	SSP	59
SSP	61	Rotom	L Basic	H	same-print	sets/10-scarlet-and-violet/set-surging-sparks/rotom.ts	SSP	61
SSP	74	Azumarill	P Stage 1	H	same-print	sets/10-scarlet-and-violet/set-surging-sparks/azulmarill.ts	SSP	74
SSP	76	Latias ex	P Basic	H	same-print	sets/10-scarlet-and-violet/set-surging-sparks/latias-ex.ts	SSP	76
SSP	83	Cofagrigus	P Stage 1	H	same-print	sets/10-scarlet-and-violet/set-surging-sparks/cofagrigus.ts	SSP	83
SSP	87	Dedenne	P Basic	H	same-print	sets/10-scarlet-and-violet/set-surging-sparks/dedenne.ts	SSP	87
SSP	94	Flittle	P Basic	H	same-print	sets/10-scarlet-and-violet/set-surging-sparks/flittle.ts	SSP	94
SSP	97	Gimmighoul	P Basic	H	same-print	sets/10-scarlet-and-violet/set-surging-sparks/gimmighoul.ts	SSP	97
SSP	100	Annihilape	F Stage 2	H	same-print	sets/10-scarlet-and-violet/set-surging-sparks/annihilape.ts	SSP	100
SSP	107	Gastrodon	F Stage 1	H	same-print	sets/10-scarlet-and-violet/set-surging-sparks/gastrodon.ts	SSP	107
SSP	116	Koraidon	F Basic	H	same-print	sets/10-scarlet-and-violet/set-surging-sparks/koraidon.ts	SSP	116
SSP	117	Deino	D Basic	H	same-print	sets/10-scarlet-and-violet/set-surging-sparks/deino.ts	SSP	117
SSP	118	Zweilous	D Stage 1	H	same-print	sets/10-scarlet-and-violet/set-surging-sparks/zweilous.ts	SSP	118
SSP	119	Hydreigon ex	D Stage 2	H	same-print	sets/10-scarlet-and-violet/set-surging-sparks/hydreigon-ex.ts	SSP	119
SSP	120	Shroodle	D Basic	H	same-print	sets/10-scarlet-and-violet/set-surging-sparks/shroodle.ts	SSP	120
SSP	129	Duraludon	M Basic	H	same-print	sets/10-scarlet-and-violet/set-surging-sparks/duraludon.ts	SSP	129
SSP	130	Archaludon ex	M Stage 1	H	same-print	sets/10-scarlet-and-violet/set-surging-sparks/archaludon-ex.ts	SSP	130
SSP	131	Gholdengo	M Stage 1	H	same-print	sets/10-scarlet-and-violet/set-surging-sparks/gholdengo.ts	SSP	131
SSP	133	Alolan Exeggutor ex	N Stage 1	H	same-print	sets/10-scarlet-and-violet/set-surging-sparks/alolan-exeggutor-ex.ts	SSP	133
SSP	137	Turtonator	N Basic	H	same-print	sets/10-scarlet-and-violet/set-surging-sparks/turtonator.ts	SSP	137
SSP	141	Eternatus	N Basic	H	same-print	sets/10-scarlet-and-violet/set-surging-sparks/eternatus.ts	SSP	141
SSP	145	Slakoth	C Basic	H	same-print	sets/10-scarlet-and-violet/set-surging-sparks/slakoth.ts	SSP	145
SSP	147	Slaking ex	C Stage 2	H	same-print	sets/10-scarlet-and-violet/set-surging-sparks/slaking-ex.ts	SSP	147
SSP	164	Brilliant Blender	Item	H	same-print	sets/10-scarlet-and-violet/set-surging-sparks/brilliant-blender.ts	SSP	164
SSP	165	Call Bell	Item	H	same-print	sets/10-scarlet-and-violet/set-surging-sparks/helper.bell.ts	SSP	165
SSP	170	Cyrano	Supporter	H	same-print	sets/10-scarlet-and-violet/set-surging-sparks/cyrano.ts	SSP	170
SSP	175	Dusk Ball	Item	H	same-print	sets/10-scarlet-and-violet/set-surging-sparks/dusk-ball.ts	SSP	175
SSP	176	Energy Search Pro	Item	H	same-print	sets/10-scarlet-and-violet/set-surging-sparks/energy-search-pro.ts	SSP	176
SSP	177	Gravity Mountain	Stadium	H	same-print	sets/10-scarlet-and-violet/set-surging-sparks/gravity-mountain.ts	SSP	177
SSP	179	Lisia's Appeal	Supporter	H	same-print	sets/10-scarlet-and-violet/set-surging-sparks/lisias-appeal.ts	SSP	179
SSP	180	Lively Stadium	Stadium	H	same-print	sets/10-scarlet-and-violet/set-surging-sparks/exciting-stadium.ts	SSP	180
SSP	181	Meddling Memo	Item	H	same-print	sets/10-scarlet-and-violet/set-surging-sparks/meddling-memo.ts	SSP	181
SSP	182	Megaton Blower	Item	H	same-print	sets/10-scarlet-and-violet/set-surging-sparks/megaton-blower.ts	SSP	182
SSP	183	Miracle Headset	Item	H	same-print	sets/10-scarlet-and-violet/set-surging-sparks/miraculous-intercom.ts	SSP	183
SSP	185	Precious Trolley	Item	H	same-print	sets/10-scarlet-and-violet/set-surging-sparks/precious-trolley.ts	SSP	185
SSP	189	Tera Orb	Item	H	same-print	sets/10-scarlet-and-violet/set-surging-sparks/tera-orb.ts	SSP	189
SSP	191	Enriching Energy	Special Energy	H	same-print	sets/10-scarlet-and-violet/set-surging-sparks/rich-energy.ts	SSP	191
TEF	1	Scyther	G Basic	H	same-print	sets/10-scarlet-and-violet/set-temporal-forces/scyther.ts	TEF	1
TEF	23	Rellor	G Basic	H	same-print	sets/10-scarlet-and-violet/set-temporal-forces/rellor.ts	TEF	23
TEF	24	Rabsca	G Stage 1	H	same-print	sets/10-scarlet-and-violet/set-temporal-forces/rabsca.ts	TEF	24
TEF	32	Litten	R Basic	H	same-print	sets/10-scarlet-and-violet/set-temporal-forces/litten.ts	TEF	32
TEF	34	Incineroar ex	R Stage 2	H	same-print	sets/10-scarlet-and-violet/set-temporal-forces/incineroar-ex.ts	TEF	34
TEF	36	Sizzlipede	R Basic	H	same-print	sets/10-scarlet-and-violet/set-temporal-forces/sizzlipede.ts	TEF	36
TEF	38	Gouging Fire ex	R Basic	H	same-print	sets/10-scarlet-and-violet/set-temporal-forces/gouging-fire-ex.ts	TEF	38
TEF	39	Totodile	W Basic	H	same-print	sets/10-scarlet-and-violet/set-temporal-forces/totodile.ts	TEF	39
TEF	40	Croconaw	W Stage 1	H	same-print	sets/10-scarlet-and-violet/set-temporal-forces/croconaw.ts	TEF	40
TEF	41	Feraligatr	W Stage 2	H	same-print	sets/10-scarlet-and-violet/set-temporal-forces/feraligatr.ts	TEF	41
TEF	49	Palafin	W Stage 1	H	same-print	sets/10-scarlet-and-violet/set-temporal-forces/palafin.ts	TEF	49
TEF	63	Mr. Mime	P Basic	H	same-print	sets/10-scarlet-and-violet/set-temporal-forces/mr-mime.ts	TEF	63
TEF	66	Girafarig	P Basic	H	same-print	sets/10-scarlet-and-violet/set-temporal-forces/girafarig.ts	TEF	66
TEF	68	Bronzor	P Basic	H	same-print	sets/10-scarlet-and-violet/set-temporal-forces/bronzor.ts	TEF	68
TEF	69	Bronzong	P Stage 1	H	same-print	sets/10-scarlet-and-violet/set-temporal-forces/bronzong.ts	TEF	69
TEF	84	Relicanth	F Basic	H	same-print	sets/10-scarlet-and-violet/set-twilight-masquerade/relicanth.ts	TEF	84
TEF	85	Drilbur	F Basic	H	same-print	sets/10-scarlet-and-violet/set-temporal-forces/drilbur.ts	TEF	85
TEF	98	Sandy Shocks	F Basic	H	same-print	sets/10-scarlet-and-violet/set-temporal-forces/sandy-shocks.ts	TEF	98
TEF	108	Farigiraf ex	D Stage 1	H	same-print	sets/10-scarlet-and-violet/set-temporal-forces/farigiraf-ex.ts	TEF	108
TEF	111	Scizor ex	M Stage 1	H	same-print	sets/10-scarlet-and-violet/set-temporal-forces/scizor-ex.ts	TEF	111
TEF	113	Beldum	M Basic	H	same-print	sets/10-scarlet-and-violet/set-temporal-forces/beldum.ts	TEF	113
TEF	114	Metang	M Stage 1	H	same-print	sets/10-scarlet-and-violet/set-temporal-forces/metang.ts	TEF	114
TEF	115	Metagross	M Stage 2	H	same-print	sets/10-scarlet-and-violet/set-temporal-forces/metagross.ts	TEF	115
TEF	119	Koraidon	N Basic	H	same-print	sets/10-scarlet-and-violet/set-temporal-forces/koraidon.ts	TEF	119
TEF	120	Koraidon ex	N Basic	H	same-print	sets/10-scarlet-and-violet/set-temporal-forces/koraidon-ex.ts	TEF	120
TEF	121	Miraidon	N Basic	H	same-print	sets/10-scarlet-and-violet/set-temporal-forces/miraidon.ts	TEF	121
TEF	122	Miraidon ex	N Basic	H	same-print	sets/10-scarlet-and-violet/set-temporal-forces/miraidon-ex.ts	TEF	122
TEF	126	Hoothoot	C Basic	H	same-print	sets/10-scarlet-and-violet/set-temporal-forces/hoothoot.ts	TEF	126
TEF	132	Chatot	C Basic	H	same-print	sets/10-scarlet-and-violet/set-temporal-forces/chatot.ts	TEF	132
TEF	136	Minccino	C Basic	H	same-print	sets/10-scarlet-and-violet/set-temporal-forces/minccino.ts	TEF	136
TEF	137	Cinccino	C Stage 1	H	same-print	sets/10-scarlet-and-violet/set-temporal-forces/cincinno.ts	TEF	137
TEF	141	Awakening Drum	Item	H	same-print	sets/10-scarlet-and-violet/set-temporal-forces/drums-of-awakening.ts	TEF	141
TEF	142	Bianca's Devotion	Supporter	H	same-print	sets/10-scarlet-and-violet/set-temporal-forces/biancas-devotion.ts	TEF	142
TEF	143	Boxed Order	Item	H	same-print	sets/10-scarlet-and-violet/set-temporal-forces/delivery-box.ts	TEF	143
TEF	148	Full Metal Lab	Stadium	H	same-print	sets/10-scarlet-and-violet/set-temporal-forces/full-metal-lab.ts	TEF	148
TEF	150	Hand Trimmer	Item	H	same-print	sets/10-scarlet-and-violet/set-temporal-forces/hand-trimmer.ts	TEF	150
TEF	151	Heavy Baton	Tool	H	same-print	sets/10-scarlet-and-violet/set-temporal-forces/heavy-baton.ts	TEF	151
TEF	152	Hero's Cape	Tool	H	same-print	sets/10-scarlet-and-violet/set-temporal-forces/heros-cape.ts	TEF	152
TEF	153	Master Ball	Item	H	same-print	sets/10-scarlet-and-violet/set-temporal-forces/master-ball.ts	TEF	153
TEF	155	Morty's Conviction	Supporter	H	same-print	sets/10-scarlet-and-violet/set-temporal-forces/mortys-conviction.ts	TEF	155
TEF	156	Perilous Jungle	Stadium	H	same-print	sets/10-scarlet-and-violet/set-temporal-forces/perilous-jungle.ts	TEF	156
TEF	158	Reboot Pod	Item	H	same-print	sets/10-scarlet-and-violet/set-temporal-forces/reboot-pod.ts	TEF	158
TEF	160	Salvatore	Supporter	H	same-print	sets/10-scarlet-and-violet/set-temporal-forces/salvatore.ts	TEF	160
TEF	161	Mist Energy	Special Energy	H	same-print	sets/10-scarlet-and-violet/set-temporal-forces/mist-energy.ts	TEF	161
TEF	162	Neo Upper Energy	Special Energy	H	same-print	sets/10-scarlet-and-violet/set-temporal-forces/neo-upper-energy.ts	TEF	162
TWM	10	Illumise	G Basic	H	same-print	sets/10-scarlet-and-violet/set-twilight-masquerade/illumise.ts	TWM	10
TWM	14	Grookey	G Basic	H	same-print	sets/10-scarlet-and-violet/set-twilight-masquerade/grookey.ts	TWM	14
TWM	15	Thwackey	G Stage 1	H	same-print	sets/10-scarlet-and-violet/set-twilight-masquerade/thwackey.ts	TWM	15
TWM	16	Rillaboom	G Stage 2	H	same-print	sets/10-scarlet-and-violet/set-twilight-masquerade/rillaboom.ts	TWM	16
TWM	17	Applin	G Basic	H	same-print	sets/10-scarlet-and-violet/set-twilight-masquerade/applin-2.ts	TWM	17
TWM	19	Iron Leaves	G Basic	H	same-print	sets/10-scarlet-and-violet/set-twilight-masquerade/iron-leaves.ts	TWM	19
TWM	39	Chi-Yu	R Basic	H	same-print	sets/10-scarlet-and-violet/set-twilight-masquerade/chi-yu.ts	TWM	39
TWM	49	Feebas	W Basic	H	same-print	sets/10-scarlet-and-violet/set-twilight-masquerade/feebas.ts	TWM	49
TWM	51	Snorunt	W Basic	H	same-print	sets/10-scarlet-and-violet/set-twilight-masquerade/snorunt.ts	TWM	51
TWM	53	Froslass	W Stage 1	H	same-print	sets/10-scarlet-and-violet/set-twilight-masquerade/froslass.ts	TWM	53
TWM	56	Froakie	W Basic	H	same-print	sets/10-scarlet-and-violet/set-twilight-masquerade/froakie.ts	TWM	56
TWM	57	Frogadier	W Stage 1	H	same-print	sets/10-scarlet-and-violet/set-twilight-masquerade/frogadier.ts	TWM	57
TWM	59	Finizen	W Basic	H	same-print	sets/10-scarlet-and-violet/set-twilight-masquerade/finizen.ts	TWM	59
TWM	60	Palafin	W Stage 1	H	same-print	sets/10-scarlet-and-violet/set-twilight-masquerade/palafin.ts	TWM	60
TWM	63	Walking Wake	W Basic	H	same-print	sets/10-scarlet-and-violet/set-twilight-masquerade/walking-wake.ts	TWM	63
TWM	65	Zapdos	L Basic	H	same-print	sets/10-scarlet-and-violet/set-twilight-masquerade/zapdos.ts	TWM	65
TWM	68	Luxray ex	L Stage 2	H	same-print	sets/10-scarlet-and-violet/set-twilight-masquerade/luxray-ex.ts	TWM	68
TWM	72	Morpeko	L Basic	H	same-print	sets/10-scarlet-and-violet/set-twilight-masquerade/morpeko.ts	TWM	72
TWM	80	Abra	P Basic	H	same-print	sets/10-scarlet-and-violet/set-twilight-masquerade/abra.ts	TWM	80
TWM	82	Alakazam	P Stage 2	H	same-print	sets/10-scarlet-and-violet/set-twilight-masquerade/alakazam.ts	TWM	82
TWM	83	Girafarig	P Basic	H	same-print	sets/10-scarlet-and-violet/set-twilight-masquerade/girafarig.ts	TWM	83
TWM	93	Enamorus	P Basic	H	same-print	sets/10-scarlet-and-violet/set-twilight-masquerade/enamorus.ts	TWM	93
TWM	94	Scream Tail ex	P Basic	H	same-print	sets/10-scarlet-and-violet/set-twilight-masquerade/scream-tail-ex.ts	TWM	94
TWM	99	Hisuian Growlithe	F Basic	H	same-print	sets/10-scarlet-and-violet/set-twilight-masquerade/hisuian-growlithe.ts	TWM	99
TWM	100	Hisuian Arcanine	F Stage 1	H	same-print	sets/10-scarlet-and-violet/set-twilight-masquerade/hisuian-arcanine.ts	TWM	100
TWM	103	Timburr	F Basic	H	same-print	sets/10-scarlet-and-violet/set-twilight-masquerade/timburr.ts	TWM	103
TWM	104	Gurdurr	F Stage 1	H	same-print	sets/10-scarlet-and-violet/set-twilight-masquerade/gurdurr.ts	TWM	104
TWM	105	Conkeldurr	F Stage 2	H	same-print	sets/10-scarlet-and-violet/set-twilight-masquerade/conkeldurr.ts	TWM	105
TWM	106	Greninja ex	F Stage 2	H	same-print	sets/10-scarlet-and-violet/set-twilight-masquerade/greninja-ex.ts	TWM	106
TWM	110	Ting-Lu	F Basic	H	same-print	sets/10-scarlet-and-violet/set-twilight-masquerade/ting-lu.ts	TWM	110
TWM	118	Brute Bonnet	D Basic	H	same-print	sets/10-scarlet-and-violet/set-twilight-masquerade/brute-bonnet.ts	TWM	118
TWM	123	Heatran	M Basic	H	same-print	sets/10-scarlet-and-violet/set-twilight-masquerade/heatran.ts	TWM	123
TWM	126	Applin	N Basic	H	same-print	sets/10-scarlet-and-violet/set-twilight-masquerade/applin.ts	TWM	126
TWM	131	Tatsugiri	N Basic	H	same-print	sets/10-scarlet-and-violet/set-twilight-masquerade/tatsugiri.ts	TWM	131
TWM	132	Farfetch'd	C Basic	H	same-print	sets/10-scarlet-and-violet/set-twilight-masquerade/farfetchd.ts	TWM	132
TWM	133	Chansey	C Basic	H	same-print	sets/10-scarlet-and-violet/set-twilight-masquerade/chansey.ts	TWM	133
TWM	134	Blissey ex	C Stage 1	H	same-print	sets/10-scarlet-and-violet/set-twilight-masquerade/blissey-ex.ts	TWM	134
TWM	142	Accompanying Flute	Item	H	same-print	sets/10-scarlet-and-violet/set-twilight-masquerade/performance-flute.ts	TWM	142
TWM	146	Community Center	Stadium	H	same-print	sets/10-scarlet-and-violet/set-twilight-masquerade/community-center.ts	TWM	146
TWM	148	Enhanced Hammer	Item	H	same-print	sets/10-scarlet-and-violet/set-twilight-masquerade/enhanced-hammer.ts	TWM	148
TWM	150	Handheld Fan	Tool	H	same-print	sets/10-scarlet-and-violet/set-twilight-masquerade/handy-fan.ts	TWM	150
TWM	151	Hassel	Supporter	H	same-print	sets/10-scarlet-and-violet/set-twilight-masquerade/hassel.ts	TWM	151
TWM	152	Hyper Aroma	Item	H	same-print	sets/10-scarlet-and-violet/set-twilight-masquerade/hyper-aroma.ts	TWM	152
TWM	155	Lana's Aid	Supporter	H	same-print	sets/10-scarlet-and-violet/set-twilight-masquerade/lanas-assistance.ts	TWM	155
TWM	156	Love Ball	Item	H	same-print	sets/10-scarlet-and-violet/set-twilight-masquerade/love-ball.ts	TWM	156
TWM	158	Lucky Helmet	Tool	H	same-print	sets/10-scarlet-and-violet/set-twilight-masquerade/lucky-helmet.ts	TWM	158
TWM	163	Secret Box	Item	H	same-print	sets/10-scarlet-and-violet/set-twilight-masquerade/secret-box.ts	TWM	163
TWM	164	Survival Brace	Tool	H	same-print	sets/10-scarlet-and-violet/set-twilight-masquerade/survival-cast.ts	TWM	164
TWM	165	Unfair Stamp	Item	H	same-print	sets/10-scarlet-and-violet/set-twilight-masquerade/unfair-stamp.ts	TWM	165
TWM	166	Boomerang Energy	Special Energy	H	same-print	sets/10-scarlet-and-violet/set-twilight-masquerade/boomerang-energy.ts	TWM	166
TWM	167	Legacy Energy	Special Energy	H	same-print	sets/10-scarlet-and-violet/set-twilight-masquerade/legacy-energy.ts	TWM	167
WHT	5	Whimsicott ex	G Stage 1	I	same-print	sets/10-scarlet-and-violet/set-black-bolt-white-flare/whimsicott-ex.ts	WHT	5
WHT	20	Reshiram ex	R Basic	I	same-print	sets/10-scarlet-and-violet/set-black-bolt-white-flare/reshiram-ex.ts	WHT	20
WHT	44	Frillish	P Basic	I	same-print	sets/10-scarlet-and-violet/set-black-bolt-white-flare/frillish.ts	WHT	44
WHT	45	Jellicent ex	P Stage 1	I	same-print	sets/10-scarlet-and-violet/set-black-bolt-white-flare/jellicent-ex.ts	WHT	45
WHT	54	Terrakion	F Basic	I	same-print	sets/10-scarlet-and-violet/set-black-bolt-white-flare/terrakion.ts	WHT	54
WHT	55	Purrloin	D Basic	I	same-print	sets/10-scarlet-and-violet/set-black-bolt-white-flare/purrloin.ts	WHT	55
WHT	61	Zorua	D Basic	I	same-print	sets/10-scarlet-and-violet/set-black-bolt-white-flare/zorua.ts	WHT	61
WHT	62	Zoroark	D Stage 1	I	same-print	sets/10-scarlet-and-violet/set-black-bolt-white-flare/zoroark.ts	WHT	62
WHT	83	Harlequin	Supporter	I	same-print	sets/10-scarlet-and-violet/set-black-bolt-white-flare/harlequin.ts	WHT	83
WHT	84	Hilda	Supporter	I	same-print	sets/10-scarlet-and-violet/set-black-bolt-white-flare/hilda.ts	WHT	84
BLK	22	Tirtouga	W Stage 1	I	same-print-renamed	sets/10-scarlet-and-violet/set-black-bolt-white-flare/tirtouga.ts	BLK	22
BLK	44	Meloetta ex	P Basic	I	same-print-renamed	sets/10-scarlet-and-violet/set-black-bolt-white-flare/meloetta-ex.ts	BLK	44
BLK	70	Haxorus	N Stage 2	I	same-print-renamed	sets/10-scarlet-and-violet/set-black-bolt-white-flare/haxorus.ts	BLK	70
DRI	1	Ethan's Pinsir	G Basic	I	same-print-renamed	sets/10-scarlet-and-violet/set-destined-rivals/ethans-pinsir.ts	DRI	1
DRI	8	Cynthia's Roserade	G Stage 1	I	same-print-renamed	sets/10-scarlet-and-violet/set-destined-rivals/cynthias-roserade.ts	DRI	8
DRI	33	Ethan's Quilava	R Stage 1	I	same-print-renamed	sets/10-scarlet-and-violet/set-destined-rivals/ethans-quilava.ts	DRI	33
DRI	42	Blaziken	R Stage 2	I	same-print-renamed	sets/10-scarlet-and-violet/set-destined-rivals/blaziken.ts	DRI	42
DRI	85	Team Rocket's Chingling	P Basic	I	same-print-renamed	sets/10-scarlet-and-violet/set-destined-rivals/team-rockets-chingling.ts	DRI	85
DRI	112	Team Rocket's Ekans	D Basic	I	same-print-renamed	sets/10-scarlet-and-violet/set-destined-rivals/team-rockets-ekans.ts	DRI	112
DRI	113	Team Rocket's Arbok	D Stage 1	I	same-print-renamed	sets/10-scarlet-and-violet/set-destined-rivals/team-rockets-arbok.ts	DRI	113
DRI	128	Team Rocket's Sneasel	D Basic	I	same-print-renamed	sets/10-scarlet-and-violet/set-destined-rivals/team-rockets-sneasel.ts	DRI	128
DRI	143	Steven's Beldum	M Basic	I	same-print-renamed	sets/10-scarlet-and-violet/set-destined-rivals/stevens-beldum.ts	DRI	143
JTG	24	Blaziken ex	R Stage 2	H	same-print-renamed	sets/10-scarlet-and-violet/set-journey-together/blaziken-ex.ts	JTG	24
JTG	51	Tapu Koko ex	L Basic	H	same-print-renamed	sets/10-scarlet-and-violet/set-journey-together/tapu-koko-ex.ts	JTG	51
JTG	78	Piloswine	F Stage 1	I	same-print-renamed	sets/10-scarlet-and-violet/set-journey-together/piloswine.ts	JTG	78
JTG	96	N's Purrloin	D Basic	I	same-print-renamed	sets/10-scarlet-and-violet/set-journey-together/ns-purrloin.ts	JTG	96
MEG	28	Cinderace	R Stage 2	I	same-print-renamed	sets/11-mega-evolution/set-mega-evolution/cinderace.ts	MEG	28
MEG	56	Alakazam	P Stage 2	I	same-print-renamed	sets/11-mega-evolution/set-mega-evolution/alakazam.ts	MEG	56
MEG	110	Gumshoos	C Stage 1	I	same-print-renamed	sets/11-mega-evolution/set-mega-evolution/gumshoos.ts	MEG	110
PFL	11	Charmander	R Basic	I	same-print-renamed	sets/11-mega-evolution/set-phantasmal-flames/charmander.ts	PFL	11
PFL	19	Charcadet	R Basic	I	same-print-renamed	sets/11-mega-evolution/set-phantasmal-flames/charcadet.ts	PFL	19
PFL	20	Ceruledge	R Stage 1	I	same-print-renamed	sets/11-mega-evolution/set-phantasmal-flames/ceruledge.ts	PFL	20
PFL	60	Carvanha	D Basic	I	same-print-renamed	sets/11-mega-evolution/set-phantasmal-flames/carvanha.ts	PFL	60
PFL	67	Toxel	D Basic	I	same-print-renamed	sets/11-mega-evolution/set-phantasmal-flames/toxel.ts	PFL	67
PFL	68	Toxtricity	D Stage 1	I	same-print-renamed	sets/11-mega-evolution/set-phantasmal-flames/toxtricity.ts	PFL	68
PRE	34	Espeon ex	P Stage 1	H	same-print-renamed	sets/10-scarlet-and-violet/set-prismatic-evolution/espeon-ex.ts	PRE	34
SCR	130	Antique Root Fossil	Item	H	same-print-renamed	sets/10-scarlet-and-violet/set-stellar-crown/antique-root-fossil.ts	SCR	130
SSP	35	Ceruledge	R Stage 1	H	same-print-renamed	sets/10-scarlet-and-violet/set-surging-sparks/ceruledge.ts	SSP	35
SSP	38	Gouging Fire	R Basic	H	same-print-renamed	sets/10-scarlet-and-violet/set-surging-sparks/gouging-fire.ts	SSP	38
SSP	75	Smoochum	P Basic	H	same-print-renamed	sets/10-scarlet-and-violet/set-surging-sparks/smoochum.ts	SSP	75
